snapshot_date,tenure_months,logins_30d,support_tickets_30d,monthly_spend,recent_price_rise,churned
2024-01-01,2,5,2,70.57,1,1
2024-01-01,71,17,6,151.15,1,0
2024-01-01,20,6,6,77.93,0,1
2024-01-01,27,31,6,115.52,0,0
2024-01-01,42,23,5,76.53,0,0
2024-01-02,17,27,0,69.42,0,0
2024-01-02,69,35,1,204.55,0,0
2024-01-02,33,35,2,112.75,0,0
2024-01-02,4,15,5,88.89,0,0
2024-01-02,18,18,7,66.9,1,1
2024-01-03,57,17,5,117.09,0,0
2024-01-03,58,3,2,175.73,0,0
2024-01-03,5,25,3,36.59,0,0
2024-01-03,62,10,6,169.38,1,0
2024-01-03,65,30,0,124.61,0,0
2024-01-04,69,18,7,171.4,0,0
2024-01-04,54,24,7,101.35,0,0
2024-01-04,60,33,5,147.92,0,1
2024-01-04,56,26,7,102.27,0,0
2024-01-04,30,13,5,75.73,0,0
2024-01-05,57,2,5,170.14,0,0
2024-01-05,10,26,2,91.21,0,0
2024-01-05,14,11,0,76.69,0,0
2024-01-05,15,0,7,87.33,0,1
2024-01-05,0,14,7,69.34,0,1
2024-01-06,66,16,0,157.71,0,0
2024-01-06,39,7,4,64.75,0,0
2024-01-06,51,16,5,128.13,0,0
2024-01-06,51,7,1,135.05,0,1
2024-01-06,34,8,1,98.4,0,0
2024-01-07,67,6,3,148.62,0,0
2024-01-07,59,20,4,99.21,0,0
2024-01-07,68,11,7,143.68,0,0
2024-01-07,14,10,5,97.22,0,1
2024-01-07,6,6,7,40.02,0,0
2024-01-08,31,2,3,107.97,0,0
2024-01-08,71,3,6,153.04,0,0
2024-01-08,28,12,1,43.87,0,0
2024-01-08,60,3,4,213.66,0,0
2024-01-08,30,25,5,87.04,0,0
2024-01-09,54,3,2,127.84,0,0
2024-01-09,5,19,1,93.13,1,0
2024-01-09,62,18,0,132.52,0,0
2024-01-09,61,2,7,146.59,1,1
2024-01-09,47,9,3,83.49,0,0
2024-01-10,21,16,1,57.75,0,0
2024-01-10,47,10,6,51.82,0,1
2024-01-10,44,23,6,148.47,0,0
2024-01-10,41,17,2,84.11,0,0
2024-01-10,40,3,3,107.23,0,1
2024-01-11,46,20,2,109.2,0,0
2024-01-11,13,17,0,92.37,0,0
2024-01-11,60,3,0,104.04,1,0
2024-01-11,52,22,1,101.56,0,0
2024-01-11,11,4,6,99.83,0,0
2024-01-12,40,27,5,87.47,0,1
2024-01-12,19,33,3,63.56,0,0
2024-01-12,30,28,3,62.88,0,1
2024-01-12,59,25,2,172.87,0,0
2024-01-12,26,31,7,102.02,1,1
2024-01-13,38,11,0,130.48,0,0
2024-01-13,44,0,4,81.12,0,1
2024-01-13,2,20,3,65.04,0,0
2024-01-13,68,33,7,113.9,0,0
2024-01-13,20,22,6,76.75,0,1
2024-01-14,60,6,6,142.79,1,1
2024-01-14,69,0,5,200.98,1,1
2024-01-14,21,30,4,70.43,0,0
2024-01-14,55,35,6,150.64,0,0
2024-01-14,63,34,3,141.37,0,0
2024-01-15,46,20,7,137.61,0,0
2024-01-15,60,12,1,171.86,0,0
2024-01-15,28,2,6,96.95,1,0
2024-01-15,46,7,6,141.65,0,0
2024-01-15,48,26,7,175.15,0,0
2024-01-16,46,12,3,161.88,0,0
2024-01-16,67,13,1,177.7,0,0
2024-01-16,0,7,3,47.9,1,1
2024-01-16,72,5,2,166.83,0,0
2024-01-16,39,1,2,112.53,0,0
2024-01-17,11,16,5,32.71,0,1
2024-01-17,61,22,6,146.73,0,0
2024-01-17,8,6,7,48.49,0,0
2024-01-17,50,22,0,188.81,0,0
2024-01-17,30,6,7,81.68,0,0
2024-01-18,16,31,3,96.17,1,0
2024-01-18,67,6,1,136.67,1,0
2024-01-18,14,19,7,59.31,0,1
2024-01-18,54,20,4,161.63,0,0
2024-01-18,12,7,1,63.02,0,1
2024-01-19,57,9,3,159.0,0,0
2024-01-19,58,23,3,174.86,1,0
2024-01-19,50,35,0,108.1,0,0
2024-01-19,10,28,3,101.09,0,0
2024-01-19,0,10,4,101.96,0,1
2024-01-20,11,24,4,68.21,1,0
2024-01-20,5,12,0,49.3,0,0
2024-01-20,33,35,5,131.25,0,0
2024-01-20,29,8,1,77.08,0,0
2024-01-20,17,25,4,126.88,0,0
2024-01-21,47,14,5,143.23,0,0
2024-01-21,8,6,2,79.85,0,0
2024-01-21,64,7,4,160.39,0,0
2024-01-21,16,22,7,77.39,0,1
2024-01-21,14,12,2,76.51,0,0
2024-01-22,11,23,3,65.79,0,0
2024-01-22,62,28,2,114.48,0,0
2024-01-22,34,5,6,127.23,0,0
2024-01-22,51,26,5,112.53,0,0
2024-01-22,58,3,2,121.64,0,0
2024-01-23,71,30,7,175.42,0,0
2024-01-23,33,23,6,115.92,0,0
2024-01-23,17,22,0,78.08,0,0
2024-01-23,1,16,3,51.81,0,1
2024-01-23,3,28,1,55.56,0,0
2024-01-24,67,17,5,167.21,0,0
2024-01-24,50,14,5,82.51,0,0
2024-01-24,70,29,3,179.7,0,0
2024-01-24,52,29,3,107.96,0,0
2024-01-24,2,16,3,75.36,0,0
2024-01-25,13,4,2,48.66,1,1
2024-01-25,40,13,6,101.35,0,0
2024-01-25,70,7,2,185.39,0,1
2024-01-25,52,2,3,159.6,1,0
2024-01-25,69,16,5,171.03,0,0
2024-01-26,49,20,2,137.32,0,0
2024-01-26,30,30,3,81.51,1,0
2024-01-26,32,31,6,61.15,0,0
2024-01-26,45,35,5,116.57,0,0
2024-01-26,58,11,0,164.76,0,0
2024-01-27,70,16,5,170.77,0,0
2024-01-27,64,30,4,143.63,0,0
2024-01-27,51,25,6,134.86,0,0
2024-01-27,26,24,3,85.49,1,1
2024-01-27,3,8,4,49.18,0,1
2024-01-28,56,20,6,78.31,0,0
2024-01-28,64,15,0,158.37,0,0
2024-01-28,58,3,4,110.28,0,0
2024-01-28,12,26,2,90.06,0,0
2024-01-28,2,3,7,78.93,1,1
2024-02-01,32,11,2,85.71,0,1
2024-02-01,39,1,7,98.97,0,0
2024-02-01,12,24,0,55.47,1,0
2024-02-01,12,22,4,60.9,1,0
2024-02-01,35,15,3,123.25,0,0
2024-02-02,52,10,2,99.92,0,0
2024-02-02,20,6,6,79.52,0,0
2024-02-02,13,35,2,55.67,0,0
2024-02-02,62,12,3,174.27,0,0
2024-02-02,13,5,4,35.22,0,1
2024-02-03,3,34,3,75.83,0,0
2024-02-03,54,9,1,152.08,0,0
2024-02-03,25,5,0,46.63,0,0
2024-02-03,58,18,3,159.51,0,0
2024-02-03,13,21,0,116.97,0,0
2024-02-04,17,13,7,92.07,0,0
2024-02-04,2,13,2,65.31,0,0
2024-02-04,9,2,3,83.07,0,0
2024-02-04,21,0,2,128.07,0,0
2024-02-04,45,30,3,83.59,0,0
2024-02-05,30,13,5,91.36,0,0
2024-02-05,34,27,4,88.95,0,0
2024-02-05,1,30,6,44.86,0,1
2024-02-05,19,31,4,83.57,0,0
2024-02-05,38,10,7,78.98,1,0
2024-02-06,44,23,2,86.45,0,0
2024-02-06,22,12,2,101.52,0,0
2024-02-06,43,18,4,121.21,0,0
2024-02-06,68,3,5,144.63,0,0
2024-02-06,29,14,0,84.71,0,0
2024-02-07,10,20,6,107.79,0,0
2024-02-07,28,17,1,122.66,0,0
2024-02-07,49,16,2,159.47,0,0
2024-02-07,4,23,4,103.43,0,0
2024-02-07,15,2,1,77.36,0,0
2024-02-08,36,35,5,129.09,0,0
2024-02-08,42,20,7,144.73,0,0
2024-02-08,17,10,0,110.68,0,0
2024-02-08,26,26,1,69.68,0,0
2024-02-08,53,10,4,143.94,0,0
2024-02-09,22,28,1,132.11,0,0
2024-02-09,42,5,6,109.04,0,1
2024-02-09,41,14,3,152.4,0,0
2024-02-09,43,25,3,88.49,0,0
2024-02-09,16,0,2,49.1,0,1
2024-02-10,18,20,5,67.76,0,0
2024-02-10,46,8,4,129.44,0,0
2024-02-10,57,6,7,169.37,0,0
2024-02-10,4,28,5,76.87,1,1
2024-02-10,71,34,1,154.46,1,0
2024-02-11,19,20,1,80.6,0,0
2024-02-11,1,0,5,88.47,0,1
2024-02-11,67,22,6,132.35,0,0
2024-02-11,60,7,6,122.16,0,1
2024-02-11,28,27,0,116.64,0,0
2024-02-12,23,12,0,78.64,1,0
2024-02-12,56,29,7,143.04,0,0
2024-02-12,28,9,4,67.65,0,1
2024-02-12,61,25,7,140.52,0,0
2024-02-12,39,30,5,123.65,1,0
2024-02-13,46,32,3,102.24,0,0
2024-02-13,17,33,7,70.12,0,0
2024-02-13,19,7,6,79.8,0,1
2024-02-13,67,8,3,118.93,0,0
2024-02-13,5,26,3,61.14,0,0
2024-02-14,53,15,4,115.65,0,0
2024-02-14,43,8,1,189.87,0,0
2024-02-14,29,26,5,112.32,0,0
2024-02-14,43,12,7,125.3,0,1
2024-02-14,44,19,0,200.85,1,0
2024-02-15,48,7,1,110.73,1,1
2024-02-15,20,7,1,87.73,0,0
2024-02-15,72,27,4,131.75,0,0
2024-02-15,59,9,7,163.32,0,0
2024-02-15,45,20,7,155.59,0,0
2024-02-16,19,18,7,70.42,0,1
2024-02-16,41,22,4,73.04,0,0
2024-02-16,69,6,5,121.02,0,0
2024-02-16,71,28,0,164.18,0,0
2024-02-16,20,0,3,52.82,0,1
2024-02-17,0,15,5,33.05,0,1
2024-02-17,9,20,1,26.3,0,0
2024-02-17,56,21,6,139.82,0,0
2024-02-17,54,25,0,124.91,0,0
2024-02-17,28,21,4,95.97,0,0
2024-02-18,5,9,6,70.7,0,1
2024-02-18,45,1,6,127.26,0,0
2024-02-18,55,6,3,154.3,0,0
2024-02-18,15,14,7,67.82,0,0
2024-02-18,22,7,3,84.95,0,0
2024-02-19,24,30,2,104.62,1,0
2024-02-19,29,2,2,89.74,0,0
2024-02-19,37,1,0,85.07,1,1
2024-02-19,61,2,1,144.45,0,0
2024-02-19,29,30,5,90.0,0,0
2024-02-20,51,29,0,105.56,0,0
2024-02-20,41,5,0,84.83,1,1
2024-02-20,36,33,3,136.02,0,0
2024-02-20,23,9,7,125.11,0,0
2024-02-20,31,12,3,79.42,0,0
2024-02-21,14,16,4,74.29,0,0
2024-02-21,45,16,2,115.62,0,0
2024-02-21,49,27,3,120.18,0,0
2024-02-21,10,5,2,68.05,0,0
2024-02-21,4,28,4,37.91,0,1
2024-02-22,19,33,2,59.4,0,0
2024-02-22,58,13,6,122.23,0,0
2024-02-22,34,0,2,78.04,1,0
2024-02-22,53,28,4,124.5,0,0
2024-02-22,39,30,4,94.76,0,0
2024-02-23,37,30,0,124.69,0,0
2024-02-23,58,24,0,141.64,0,0
2024-02-23,14,11,5,82.51,0,1
2024-02-23,18,5,2,97.33,0,0
2024-02-23,36,13,7,133.46,0,0
2024-02-24,12,1,5,75.56,0,1
2024-02-24,32,26,6,103.99,0,0
2024-02-24,10,23,6,106.8,0,0
2024-02-24,43,3,6,114.59,0,0
2024-02-24,71,17,4,159.83,0,0
2024-02-25,9,27,1,80.94,1,0
2024-02-25,18,25,1,87.27,1,0
2024-02-25,1,33,2,51.68,0,0
2024-02-25,56,25,6,98.97,0,0
2024-02-25,22,26,7,47.0,0,1
2024-02-26,15,31,4,69.51,1,0
2024-02-26,30,12,6,89.28,0,0
2024-02-26,18,34,1,77.2,0,0
2024-02-26,45,9,5,90.63,0,0
2024-02-26,67,10,4,165.37,0,0
2024-02-27,29,21,3,40.07,0,0
2024-02-27,63,0,0,145.51,0,0
2024-02-27,30,33,0,130.94,0,0
2024-02-27,69,16,4,128.83,0,0
2024-02-27,7,25,3,48.71,0,0
2024-02-28,33,15,7,81.82,0,1
2024-02-28,5,4,0,36.77,0,1
2024-02-28,50,22,5,156.43,1,0
2024-02-28,48,6,4,55.03,0,0
2024-02-28,37,21,5,95.88,0,0
2024-03-01,20,24,7,72.5,0,0
2024-03-01,3,9,4,42.17,1,1
2024-03-01,59,11,1,144.49,0,0
2024-03-01,20,1,4,46.68,1,1
2024-03-01,41,9,7,88.78,0,1
2024-03-02,38,0,6,101.78,0,0
2024-03-02,3,0,1,65.65,0,0
2024-03-02,70,9,2,162.7,0,0
2024-03-02,38,5,2,144.07,0,0
2024-03-02,6,31,2,95.59,1,0
2024-03-03,34,7,0,81.83,0,0
2024-03-03,22,7,3,116.58,0,0
2024-03-03,17,34,3,81.1,0,1
2024-03-03,17,34,0,135.52,1,0
2024-03-03,2,35,6,39.06,0,0
2024-03-04,13,23,5,90.77,0,0
2024-03-04,9,28,3,105.97,0,0
2024-03-04,4,17,1,63.52,0,0
2024-03-04,66,31,4,195.99,0,0
2024-03-04,21,10,6,51.05,0,0
2024-03-05,4,22,0,18.71,0,0
2024-03-05,34,22,2,99.02,0,0
2024-03-05,34,31,0,75.67,0,0
2024-03-05,7,0,3,121.29,0,1
2024-03-05,21,15,6,78.42,0,0
2024-03-06,38,15,5,94.27,1,0
2024-03-06,66,33,7,162.88,1,0
2024-03-06,6,2,4,95.36,0,1
2024-03-06,65,25,2,171.01,0,0
2024-03-06,0,19,2,18.68,0,1
2024-03-07,70,15,1,167.54,0,0
2024-03-07,40,6,4,116.07,0,0
2024-03-07,9,16,2,39.36,0,1
2024-03-07,65,34,1,125.88,1,0
2024-03-07,70,14,2,149.34,0,0
2024-03-08,53,32,5,159.18,0,0
2024-03-08,42,18,0,131.48,0,0
2024-03-08,0,29,5,23.26,0,1
2024-03-08,40,27,5,87.06,0,0
2024-03-08,41,27,2,120.3,0,0
2024-03-09,14,31,7,104.1,0,0
2024-03-09,4,18,3,29.2,0,1
2024-03-09,39,19,2,108.47,0,0
2024-03-09,56,30,3,154.1,1,0
2024-03-09,72,7,6,163.31,0,0
2024-03-10,62,28,1,127.27,1,0
2024-03-10,59,22,7,96.16,0,0
2024-03-10,48,18,4,136.05,0,0
2024-03-10,48,10,6,133.28,1,0
2024-03-10,38,32,7,107.93,0,0
2024-03-11,14,13,0,83.61,0,1
2024-03-11,71,28,2,182.4,0,0
2024-03-11,21,5,5,91.57,0,1
2024-03-11,41,21,3,155.45,0,0
2024-03-11,54,4,7,157.18,0,0
2024-03-12,45,7,0,139.15,0,0
2024-03-12,42,34,0,106.95,0,0
2024-03-12,49,15,4,83.94,0,0
2024-03-12,29,16,7,77.36,0,0
2024-03-12,37,15,2,96.17,0,0
2024-03-13,21,20,4,103.28,0,0
2024-03-13,55,6,2,143.26,0,0
2024-03-13,63,26,3,127.77,0,0
2024-03-13,38,0,3,69.69,1,1
2024-03-13,0,31,0,58.64,1,0
2024-03-14,47,11,3,128.88,0,0
2024-03-14,21,13,3,117.88,0,0
2024-03-14,52,21,0,119.79,0,0
2024-03-14,21,18,6,100.58,0,0
2024-03-14,44,23,1,138.45,0,0
2024-03-15,57,35,5,98.29,0,0
2024-03-15,66,24,1,153.85,0,0
2024-03-15,66,10,3,136.94,0,0
2024-03-15,24,16,1,91.07,0,0
2024-03-15,25,4,6,34.74,0,0
2024-03-16,35,1,0,99.64,0,0
2024-03-16,28,14,7,104.34,0,0
2024-03-16,51,15,3,144.6,0,0
2024-03-16,14,6,1,21.56,0,0
2024-03-16,8,3,0,56.94,0,0
2024-03-17,43,34,6,97.01,0,0
2024-03-17,41,7,3,107.64,0,0
2024-03-17,56,34,1,156.26,0,0
2024-03-17,34,17,7,93.3,1,1
2024-03-17,29,34,3,58.94,0,0
2024-03-18,52,20,5,129.37,0,0
2024-03-18,42,21,7,119.28,1,0
2024-03-18,61,4,5,83.08,0,0
2024-03-18,64,30,3,141.45,0,0
2024-03-18,52,16,7,150.01,0,0
2024-03-19,1,33,6,59.71,0,1
2024-03-19,13,26,1,78.4,0,0
2024-03-19,59,22,2,174.34,0,0
2024-03-19,5,33,1,68.79,0,0
2024-03-19,35,35,4,77.38,0,0
2024-03-20,41,15,3,58.51,0,0
2024-03-20,22,8,3,103.01,1,1
2024-03-20,36,16,6,91.0,1,1
2024-03-20,23,26,4,83.8,0,1
2024-03-20,18,35,4,91.22,0,1
2024-03-21,29,27,6,69.6,0,0
2024-03-21,14,17,6,94.75,0,1
2024-03-21,44,3,1,81.89,0,0
2024-03-21,63,17,4,135.35,0,0
2024-03-21,41,26,4,103.37,0,0
2024-03-22,44,31,1,105.73,0,0
2024-03-22,35,1,4,130.09,0,0
2024-03-22,42,2,6,105.96,1,0
2024-03-22,13,9,0,100.15,0,0
2024-03-22,44,20,0,118.42,0,0
2024-03-23,53,8,3,156.99,0,0
2024-03-23,20,6,1,54.74,0,0
2024-03-23,6,5,5,41.46,0,1
2024-03-23,62,8,5,139.77,0,0
2024-03-23,36,18,3,107.18,0,0
2024-03-24,50,18,4,75.37,0,0
2024-03-24,67,27,5,164.77,0,0
2024-03-24,66,34,7,170.93,0,0
2024-03-24,37,22,2,102.16,0,0
2024-03-24,53,8,4,153.62,1,0
2024-03-25,0,14,3,101.11,0,1
2024-03-25,69,18,7,177.24,0,0
2024-03-25,22,24,4,65.34,0,0
2024-03-25,29,1,6,128.22,0,0
2024-03-25,65,14,2,173.71,1,0
2024-03-26,4,30,4,84.75,0,0
2024-03-26,38,25,6,95.54,0,0
2024-03-26,14,14,1,101.09,0,0
2024-03-26,11,20,7,103.72,0,0
2024-03-26,46,4,0,129.49,0,0
2024-03-27,60,32,6,142.34,1,0
2024-03-27,21,10,2,120.57,0,0
2024-03-27,34,31,7,104.08,1,1
2024-03-27,28,10,0,91.19,0,0
2024-03-27,25,11,0,124.69,0,0
2024-03-28,57,0,3,113.45,0,0
2024-03-28,12,35,1,87.92,0,0
2024-03-28,56,11,0,124.31,0,0
2024-03-28,65,20,7,150.04,0,0
2024-03-28,1,26,7,75.59,0,0
2024-04-01,50,2,2,152.61,0,0
2024-04-01,45,19,2,118.11,0,0
2024-04-01,41,29,1,141.34,0,0
2024-04-01,60,28,2,167.62,0,0
2024-04-01,22,24,6,88.05,0,1
2024-04-02,35,29,1,104.35,0,0
2024-04-02,29,12,1,142.79,1,1
2024-04-02,58,8,7,105.89,0,0
2024-04-02,11,33,4,13.11,1,0
2024-04-02,4,35,6,72.9,0,0
2024-04-03,6,12,7,33.75,0,1
2024-04-03,52,23,0,126.65,0,0
2024-04-03,71,13,0,132.54,0,0
2024-04-03,13,13,4,56.64,0,1
2024-04-03,65,23,5,188.82,0,0
2024-04-04,30,19,3,89.9,1,0
2024-04-04,21,14,3,59.46,0,0
2024-04-04,3,21,7,37.51,0,1
2024-04-04,58,34,5,142.51,0,0
2024-04-04,52,6,1,95.76,1,1
2024-04-05,21,16,5,105.0,0,0
2024-04-05,40,24,5,114.31,0,0
2024-04-05,64,22,0,167.5,0,0
2024-04-05,71,20,0,184.89,1,0
2024-04-05,21,35,1,91.85,0,0
2024-04-06,31,15,2,121.42,0,0
2024-04-06,39,24,7,100.74,0,0
2024-04-06,53,0,7,119.46,0,0
2024-04-06,67,7,6,125.11,0,0
2024-04-06,35,16,7,100.69,0,0
2024-04-07,43,16,6,101.75,0,0
2024-04-07,24,20,1,66.86,0,0
2024-04-07,37,10,5,85.71,0,0
2024-04-07,34,23,4,120.87,0,0
2024-04-07,28,21,0,62.68,1,0
2024-04-08,71,34,0,133.25,0,0
2024-04-08,31,23,4,136.36,1,1
2024-04-08,50,20,5,85.2,1,0
2024-04-08,40,19,1,113.59,0,0
2024-04-08,55,25,0,129.69,1,0
2024-04-09,22,9,3,119.17,0,0
2024-04-09,67,18,7,120.58,1,0
2024-04-09,37,3,1,108.6,0,0
2024-04-09,2,11,5,66.57,0,1
2024-04-09,64,22,6,138.34,0,0
2024-04-10,34,22,0,122.67,0,0
2024-04-10,54,34,2,103.94,0,0
2024-04-10,69,1,1,156.81,0,0
2024-04-10,39,18,6,111.63,0,0
2024-04-10,29,35,2,78.99,0,0
2024-04-11,33,34,2,81.39,0,1
2024-04-11,26,31,1,116.97,0,0
2024-04-11,54,29,6,133.23,0,0
2024-04-11,54,13,7,125.84,0,0
2024-04-11,56,19,0,146.9,0,0
2024-04-12,6,26,5,46.7,0,1
2024-04-12,16,2,6,82.46,0,1
2024-04-12,22,35,4,32.4,1,0
2024-04-12,11,7,5,69.92,1,1
2024-04-12,21,30,4,72.51,0,0
2024-04-13,57,14,0,159.36,0,0
2024-04-13,41,23,6,92.25,0,0
2024-04-13,19,24,6,82.32,0,0
2024-04-13,38,23,2,109.53,1,0
2024-04-13,25,31,1,101.44,0,0
2024-04-14,71,5,7,137.9,0,0
2024-04-14,64,5,4,105.55,0,0
2024-04-14,2,25,0,71.19,0,0
2024-04-14,59,21,1,127.04,0,0
2024-04-14,42,27,6,93.56,0,0
2024-04-15,57,20,6,167.34,0,0
2024-04-15,6,20,0,58.2,0,0
2024-04-15,20,22,4,85.29,0,0
2024-04-15,16,12,5,96.76,0,0
2024-04-15,72,2,7,163.56,0,0
2024-04-16,5,27,7,87.88,0,1
2024-04-16,52,6,5,156.51,0,0
2024-04-16,40,25,7,147.76,1,0
2024-04-16,69,24,1,170.04,0,0
2024-04-16,56,11,1,123.57,0,0
2024-04-17,5,11,7,94.78,0,1
2024-04-17,9,13,1,23.5,0,1
2024-04-17,59,14,1,108.56,0,0
2024-04-17,40,22,3,80.7,0,0
2024-04-17,25,32,5,96.89,0,0
2024-04-18,31,1,7,92.43,0,1
2024-04-18,13,16,0,75.86,0,0
2024-04-18,11,22,7,113.04,0,0
2024-04-18,61,22,4,114.74,0,0
2024-04-18,11,30,5,21.42,0,1
2024-04-19,21,27,7,113.89,0,0
2024-04-19,69,4,5,174.06,0,0
2024-04-19,69,27,5,141.27,1,0
2024-04-19,27,11,3,115.36,1,1
2024-04-19,31,1,5,60.45,0,0
2024-04-20,46,27,0,126.52,0,0
2024-04-20,15,16,4,78.03,0,0
2024-04-20,24,22,7,86.56,0,1
2024-04-20,56,26,6,99.94,0,0
2024-04-20,71,3,0,142.1,1,0
2024-04-21,17,0,2,27.57,0,1
2024-04-21,49,8,3,139.66,0,0
2024-04-21,59,27,0,159.67,0,0
2024-04-21,29,10,5,53.39,0,0
2024-04-21,29,24,6,93.72,0,1
2024-04-22,14,22,1,32.62,0,0
2024-04-22,66,8,6,157.54,0,0
2024-04-22,10,8,0,89.37,0,1
2024-04-22,62,35,1,140.62,0,0
2024-04-22,11,23,2,35.4,0,0
2024-04-23,27,13,3,75.94,0,0
2024-04-23,1,14,5,20.12,0,1
2024-04-23,59,5,1,95.37,0,0
2024-04-23,3,12,4,52.79,0,0
2024-04-23,31,28,0,119.35,1,0
2024-04-24,29,20,1,75.89,0,1
2024-04-24,66,16,7,171.64,0,0
2024-04-24,43,24,4,151.6,0,0
2024-04-24,17,4,5,118.02,0,0
2024-04-24,33,14,5,76.24,0,0
2024-04-25,47,7,0,96.16,1,0
2024-04-25,18,17,3,66.0,0,0
2024-04-25,4,33,4,14.47,0,0
2024-04-25,43,2,7,88.21,0,0
2024-04-25,65,9,2,141.84,0,0
2024-04-26,19,28,2,85.81,0,0
2024-04-26,13,3,5,105.36,0,1
2024-04-26,57,5,4,130.69,0,0
2024-04-26,53,9,2,129.17,0,0
2024-04-26,29,15,5,102.83,0,1
2024-04-27,48,0,0,121.4,0,0
2024-04-27,1,23,5,62.86,0,0
2024-04-27,36,8,7,128.79,0,0
2024-04-27,9,2,5,118.62,0,1
2024-04-27,4,0,4,106.8,0,1
2024-04-28,21,20,2,90.26,1,0
2024-04-28,63,32,0,166.65,1,0
2024-04-28,55,29,2,128.33,0,0
2024-04-28,53,10,7,193.11,0,0
2024-04-28,30,5,0,97.62,0,0
2024-05-01,45,22,1,60.48,0,0
2024-05-01,63,5,6,118.03,0,0
2024-05-01,24,19,5,71.77,0,0
2024-05-01,7,9,1,37.16,0,1
2024-05-01,36,21,5,110.84,0,0
2024-05-02,33,14,5,102.99,0,0
2024-05-02,14,20,7,86.93,0,0
2024-05-02,4,31,3,76.07,0,0
2024-05-02,11,4,5,45.51,0,0
2024-05-02,24,14,0,60.67,1,0
2024-05-03,15,21,6,52.75,0,1
2024-05-03,37,25,7,147.71,0,0
2024-05-03,44,14,6,147.28,0,0
2024-05-03,63,24,6,126.46,0,0
2024-05-03,14,12,5,93.96,0,1
2024-05-04,18,21,1,109.62,0,0
2024-05-04,57,29,6,134.97,0,0
2024-05-04,72,16,3,156.28,0,0
2024-05-04,56,18,6,122.47,0,0
2024-05-04,3,33,7,19.17,0,1
2024-05-05,59,25,0,116.12,1,0
2024-05-05,52,19,1,149.81,0,0
2024-05-05,54,26,1,92.41,0,0
2024-05-05,0,27,7,50.35,0,0
2024-05-05,35,5,1,102.54,0,0
2024-05-06,28,1,7,38.61,0,1
2024-05-06,72,11,3,141.23,0,0
2024-05-06,28,15,4,53.0,0,1
2024-05-06,27,12,3,95.62,0,0
2024-05-06,31,8,1,84.94,0,0
2024-05-07,29,25,2,94.95,0,0
2024-05-07,68,16,2,174.58,0,0
2024-05-07,31,1,0,118.08,0,0
2024-05-07,50,19,2,90.32,0,0
2024-05-07,7,2,3,55.91,0,0
2024-05-08,22,22,4,128.48,0,0
2024-05-08,55,8,7,176.92,0,0
2024-05-08,63,5,2,118.18,0,0
2024-05-08,34,30,0,81.52,0,0
2024-05-08,62,10,6,134.15,0,0
2024-05-09,65,8,0,137.06,0,0
2024-05-09,63,8,7,171.53,0,0
2024-05-09,10,24,2,42.31,0,0
2024-05-09,30,9,0,118.79,0,0
2024-05-09,21,5,3,107.9,1,0
2024-05-10,64,2,1,102.31,0,0
2024-05-10,0,20,5,33.55,0,1
2024-05-10,13,17,7,47.25,0,0
2024-05-10,47,19,2,115.44,1,0
2024-05-10,24,35,3,126.82,0,0
2024-05-11,17,17,6,107.75,0,0
2024-05-11,50,33,4,106.28,0,0
2024-05-11,40,0,0,132.79,0,0
2024-05-11,37,28,4,120.75,0,1
2024-05-11,25,17,4,92.58,0,0
2024-05-12,23,29,2,91.47,0,0
2024-05-12,21,19,2,39.07,0,0
2024-05-12,33,3,3,157.79,0,0
2024-05-12,47,0,7,119.9,0,0
2024-05-12,26,1,0,91.51,1,0
2024-05-13,66,1,1,160.05,0,0
2024-05-13,59,17,3,124.1,0,0
2024-05-13,4,32,3,93.55,0,0
2024-05-13,1,21,3,14.47,0,1
2024-05-13,47,8,6,85.02,0,0
2024-05-14,66,21,5,95.35,0,0
2024-05-14,68,16,2,190.33,1,0
2024-05-14,10,22,3,62.99,0,0
2024-05-14,42,28,1,140.03,0,0
2024-05-14,9,32,5,66.98,0,0
2024-05-15,48,6,3,163.07,0,0
2024-05-15,10,8,3,75.22,0,0
2024-05-15,12,26,5,52.38,0,0
2024-05-15,59,26,3,153.33,1,0
2024-05-15,25,34,7,104.86,0,0
2024-05-16,25,9,0,83.39,0,0
2024-05-16,25,25,2,77.52,1,0
2024-05-16,37,18,6,135.49,1,0
2024-05-16,5,31,6,53.89,0,0
2024-05-16,62,34,2,148.58,0,0
2024-05-17,45,28,4,135.47,1,1
2024-05-17,9,35,2,96.56,0,0
2024-05-17,55,2,3,122.34,1,0
2024-05-17,37,8,0,123.37,0,0
2024-05-17,31,19,2,96.61,0,0
2024-05-18,54,10,4,158.7,1,0
2024-05-18,27,35,0,80.25,0,0
2024-05-18,9,32,2,37.64,0,0
2024-05-18,2,8,5,24.54,0,1
2024-05-18,40,12,3,115.02,1,1
2024-05-19,70,23,5,140.82,0,0
2024-05-19,4,15,6,82.94,0,1
2024-05-19,66,24,6,127.6,1,0
2024-05-19,46,31,6,133.06,1,0
2024-05-19,37,3,7,134.69,0,1
2024-05-20,61,32,5,145.49,0,0
2024-05-20,15,29,2,67.1,0,0
2024-05-20,20,26,1,79.1,0,0
2024-05-20,8,17,1,95.15,0,0
2024-05-20,65,32,7,161.07,1,0
2024-05-21,15,11,7,78.3,0,1
2024-05-21,72,2,6,145.51,0,0
2024-05-21,2,0,0,58.89,1,1
2024-05-21,45,32,3,134.7,0,0
2024-05-21,14,23,6,126.02,0,0
2024-05-22,55,5,0,138.43,0,0
2024-05-22,30,6,1,70.94,0,0
2024-05-22,6,20,2,54.79,0,0
2024-05-22,56,31,2,159.78,0,0
2024-05-22,31,2,1,77.06,1,1
2024-05-23,41,7,1,80.51,0,0
2024-05-23,16,17,5,130.35,0,0
2024-05-23,26,1,7,71.45,1,1
2024-05-23,64,3,7,157.12,0,1
2024-05-23,18,22,5,126.36,0,1
2024-05-24,8,24,0,55.42,0,0
2024-05-24,43,34,3,104.09,1,0
2024-05-24,3,16,4,27.11,0,0
2024-05-24,25,16,4,106.92,0,0
2024-05-24,72,5,2,139.09,0,0
2024-05-25,53,1,2,128.25,0,0
2024-05-25,27,15,6,88.52,0,1
2024-05-25,39,35,6,130.58,0,0
2024-05-25,41,27,1,90.27,0,0
2024-05-25,20,24,2,102.64,0,0
2024-05-26,12,3,7,62.09,1,1
2024-05-26,11,4,3,44.32,0,1
2024-05-26,12,29,0,74.21,1,0
2024-05-26,51,21,5,145.8,1,0
2024-05-26,51,27,3,105.13,0,0
2024-05-27,43,20,3,112.66,1,1
2024-05-27,57,28,2,114.42,0,0
2024-05-27,72,23,2,127.03,0,0
2024-05-27,36,27,2,96.31,0,0
2024-05-27,3,21,6,33.82,1,1
2024-05-28,26,4,7,89.2,0,1
2024-05-28,55,23,2,151.61,0,0
2024-05-28,28,28,7,90.05,0,0
2024-05-28,27,31,1,147.34,0,0
2024-05-28,29,4,2,80.78,0,0
2024-06-01,37,27,6,115.88,0,0
2024-06-01,69,29,4,173.74,0,0
2024-06-01,59,31,1,136.0,0,0
2024-06-01,45,31,1,77.49,0,0
2024-06-01,55,14,5,122.13,0,1
2024-06-02,57,35,2,129.59,0,0
2024-06-02,14,23,3,73.49,0,0
2024-06-02,1,29,7,92.32,0,1
2024-06-02,58,3,7,196.61,0,0
2024-06-02,6,13,2,61.94,1,0
2024-06-03,37,16,7,146.89,0,0
2024-06-03,28,1,4,97.65,0,0
2024-06-03,30,13,7,89.08,0,0
2024-06-03,19,15,1,58.79,0,0
2024-06-03,12,21,7,115.11,1,1
2024-06-04,54,1,2,95.38,0,1
2024-06-04,56,8,6,142.4,1,0
2024-06-04,19,31,6,43.89,0,0
2024-06-04,62,10,3,192.69,0,0
2024-06-04,13,0,3,91.66,1,1
2024-06-05,42,15,7,73.02,1,1
2024-06-05,56,10,5,134.85,0,0
2024-06-05,66,35,2,171.65,0,0
2024-06-05,8,15,7,89.37,0,1
2024-06-05,30,16,2,126.86,0,0
2024-06-06,72,25,2,103.31,0,0
2024-06-06,58,23,7,125.11,0,0
2024-06-06,72,21,3,169.06,0,0
2024-06-06,72,18,4,126.24,0,0
2024-06-06,39,24,7,116.4,0,1
2024-06-07,71,26,0,149.53,1,0
2024-06-07,8,23,3,77.46,0,0
2024-06-07,26,29,1,52.19,0,0
2024-06-07,23,32,3,68.54,0,0
2024-06-07,25,17,4,97.25,0,0
2024-06-08,39,10,1,83.28,0,0
2024-06-08,58,14,6,163.81,0,0
2024-06-08,4,20,7,44.47,0,1
2024-06-08,71,9,0,140.95,1,0
2024-06-08,9,27,2,65.11,0,1
2024-06-09,63,25,6,104.22,1,0
2024-06-09,28,23,6,74.25,0,0
2024-06-09,27,35,2,117.67,0,0
2024-06-09,66,0,0,144.41,0,0
2024-06-09,11,19,3,100.42,0,1
2024-06-10,15,35,3,79.31,0,1
2024-06-10,51,22,2,125.88,0,0
2024-06-10,56,26,6,155.49,0,0
2024-06-10,44,25,7,108.6,0,0
2024-06-10,14,2,7,74.68,0,1
2024-06-11,10,15,6,70.4,0,1
2024-06-11,21,6,5,81.44,0,0
2024-06-11,21,32,5,79.69,0,0
2024-06-11,64,8,3,157.63,1,0
2024-06-11,70,33,2,182.15,0,0
2024-06-12,62,33,4,112.91,0,0
2024-06-12,4,26,5,86.88,0,0
2024-06-12,30,29,0,102.39,0,0
2024-06-12,20,29,2,82.54,0,0
2024-06-12,10,20,5,36.83,0,1
2024-06-13,58,34,3,132.75,0,0
2024-06-13,24,16,5,72.22,0,0
2024-06-13,21,13,1,103.04,1,1
2024-06-13,22,1,3,121.58,0,0
2024-06-13,47,3,1,133.13,0,0
2024-06-14,7,11,2,79.07,0,0
2024-06-14,66,26,2,124.23,0,0
2024-06-14,39,19,3,104.19,0,0
2024-06-14,32,29,1,116.93,0,0
2024-06-14,7,14,4,79.24,0,1
2024-06-15,53,23,5,122.83,0,0
2024-06-15,28,12,6,122.63,0,0
2024-06-15,36,28,2,90.19,0,0
2024-06-15,46,23,3,110.5,0,0
2024-06-15,67,28,4,135.64,0,0
2024-06-16,10,1,6,48.93,0,1
2024-06-16,6,20,7,59.5,1,1
2024-06-16,30,7,1,100.48,0,0
2024-06-16,15,0,3,67.58,0,0
2024-06-16,1,7,7,54.22,0,1
2024-06-17,57,16,6,172.27,0,0
2024-06-17,49,30,4,123.06,0,0
2024-06-17,7,11,1,72.35,0,1
2024-06-17,4,16,4,63.38,0,0
2024-06-17,27,28,0,98.68,0,0
2024-06-18,0,14,6,57.73,0,1
2024-06-18,15,11,0,43.38,0,0
2024-06-18,38,16,5,82.91,0,0
2024-06-18,71,2,1,156.28,0,0
2024-06-18,52,22,0,118.74,0,0
2024-06-19,61,32,6,110.11,1,0
2024-06-19,40,18,3,106.84,0,0
2024-06-19,47,7,6,107.96,0,0
2024-06-19,48,13,2,152.56,0,0
2024-06-19,53,5,0,120.3,0,0
2024-06-20,43,17,3,83.24,0,0
2024-06-20,21,16,7,50.24,0,1
2024-06-20,10,1,0,34.22,0,0
2024-06-20,57,9,5,145.72,0,0
2024-06-20,37,25,5,110.97,0,0
2024-06-21,48,24,4,138.73,1,0
2024-06-21,43,8,7,62.58,0,1
2024-06-21,32,0,1,98.82,1,1
2024-06-21,10,3,6,58.33,0,1
2024-06-21,23,13,6,73.55,1,0
2024-06-22,52,17,3,161.5,0,0
2024-06-22,63,2,2,155.57,0,0
2024-06-22,63,27,2,112.98,0,0
2024-06-22,13,23,0,105.84,0,0
2024-06-22,43,2,2,151.63,0,1
2024-06-23,0,17,5,40.53,0,1
2024-06-23,3,3,6,73.69,0,1
2024-06-23,26,26,4,99.16,0,0
2024-06-23,3,20,1,79.44,0,0
2024-06-23,5,8,1,30.0,0,1
2024-06-24,34,17,4,136.64,0,0
2024-06-24,65,22,6,150.97,0,0
2024-06-24,0,34,3,73.97,0,0
2024-06-24,12,23,6,78.16,0,0
2024-06-24,2,9,0,49.27,0,1
2024-06-25,40,26,3,100.86,0,0
2024-06-25,18,33,0,45.58,0,0
2024-06-25,38,30,6,85.16,0,0
2024-06-25,65,21,5,125.68,0,0
2024-06-25,55,19,5,137.31,0,0
2024-06-26,37,19,1,132.13,1,0
2024-06-26,56,5,7,145.35,0,0
2024-06-26,52,20,2,129.32,0,0
2024-06-26,16,5,5,101.26,0,0
2024-06-26,5,33,1,106.06,0,1
2024-06-27,62,29,3,173.84,0,0
2024-06-27,29,10,0,104.79,0,0
2024-06-27,35,22,5,98.27,0,0
2024-06-27,53,10,4,139.05,0,0
2024-06-27,47,11,0,133.86,0,0
2024-06-28,11,19,6,84.57,0,1
2024-06-28,14,10,5,121.5,0,1
2024-06-28,10,10,4,77.47,0,1
2024-06-28,69,15,1,151.12,0,0
2024-06-28,39,31,6,154.45,0,0
2024-07-01,54,24,4,147.07,0,0
2024-07-01,34,8,4,147.59,1,0
2024-07-01,57,6,0,148.94,0,0
2024-07-01,64,7,0,143.57,0,0
2024-07-01,13,27,6,93.68,0,0
2024-07-02,49,31,5,116.51,0,0
2024-07-02,5,26,0,83.31,0,0
2024-07-02,43,13,4,151.82,0,0
2024-07-02,1,12,7,32.99,0,1
2024-07-02,34,9,7,140.45,0,0
2024-07-03,48,6,3,119.49,0,0
2024-07-03,2,1,6,77.24,0,1
2024-07-03,9,32,7,54.16,0,0
2024-07-03,54,18,5,129.67,0,1
2024-07-03,29,32,0,109.44,0,0
2024-07-04,31,15,7,87.37,0,1
2024-07-04,25,8,7,64.4,0,1
2024-07-04,4,32,5,25.54,0,0
2024-07-04,54,13,5,133.05,0,0
2024-07-04,52,23,2,141.3,0,0
2024-07-05,31,34,5,91.63,0,1
2024-07-05,8,31,4,55.45,0,0
2024-07-05,43,24,2,131.79,0,0
2024-07-05,71,27,2,159.87,0,0
2024-07-05,45,32,5,169.18,0,0
2024-07-06,25,3,6,118.0,0,0
2024-07-06,58,23,0,154.5,1,0
2024-07-06,10,11,0,58.09,0,1
2024-07-06,3,9,3,92.21,0,0
2024-07-06,54,16,3,113.42,1,0
2024-07-07,12,18,0,100.8,0,1
2024-07-07,54,15,3,133.71,0,0
2024-07-07,10,31,7,131.0,0,0
2024-07-07,42,15,5,94.38,0,0
2024-07-07,71,17,7,167.33,0,0
2024-07-08,1,12,2,78.11,0,1
2024-07-08,4,13,5,57.51,1,1
2024-07-08,43,27,2,125.64,0,0
2024-07-08,24,25,2,55.33,0,0
2024-07-08,23,31,2,85.12,0,0
2024-07-09,72,24,0,174.04,0,0
2024-07-09,35,14,5,103.15,0,0
2024-07-09,27,28,7,98.47,1,0
2024-07-09,46,28,6,147.65,0,0
2024-07-09,66,30,5,137.77,0,0
2024-07-10,60,5,2,153.7,0,0
2024-07-10,9,7,3,97.07,0,1
2024-07-10,50,2,2,78.93,1,0
2024-07-10,35,5,4,73.13,1,0
2024-07-10,9,0,5,55.35,0,1
2024-07-11,6,33,1,75.21,0,0
2024-07-11,45,33,1,115.72,0,0
2024-07-11,16,5,6,61.46,0,1
2024-07-11,14,24,7,74.06,0,1
2024-07-11,28,4,1,100.42,0,1
2024-07-12,62,35,5,155.52,0,0
2024-07-12,31,17,4,71.64,0,0
2024-07-12,9,23,2,103.58,0,0
2024-07-12,41,0,7,91.76,0,0
2024-07-12,57,13,4,114.53,0,0
2024-07-13,63,17,1,125.68,0,0
2024-07-13,72,28,0,139.93,0,0
2024-07-13,0,8,3,60.04,0,1
2024-07-13,28,24,6,90.27,0,0
2024-07-13,34,32,5,78.7,0,0
2024-07-14,5,32,5,41.17,0,0
2024-07-14,37,10,1,85.52,1,0
2024-07-14,10,35,6,63.31,0,0
2024-07-14,12,20,5,64.18,0,1
2024-07-14,26,2,3,86.88,0,0
2024-07-15,32,0,7,103.58,0,1
2024-07-15,46,1,2,133.2,0,0
2024-07-15,50,24,4,94.02,0,0
2024-07-15,16,2,4,127.42,0,0
2024-07-15,47,29,0,151.66,0,0
2024-07-16,34,27,7,101.59,0,0
2024-07-16,39,1,4,179.73,0,0
2024-07-16,35,13,0,101.59,1,0
2024-07-16,51,18,6,140.73,0,0
2024-07-16,1,20,5,53.82,0,1
2024-07-17,24,2,1,66.83,0,0
2024-07-17,23,26,4,53.64,0,0
2024-07-17,0,30,4,32.5,0,1
2024-07-17,32,9,2,98.39,0,0
2024-07-17,35,30,2,125.21,0,0
2024-07-18,32,12,7,74.41,0,1
2024-07-18,22,30,0,86.61,0,0
2024-07-18,14,24,7,74.88,0,0
2024-07-18,9,11,0,60.59,0,0
2024-07-18,19,18,3,75.3,0,1
2024-07-19,21,30,0,66.44,0,0
2024-07-19,16,26,4,93.35,0,0
2024-07-19,59,26,4,105.36,0,0
2024-07-19,59,9,4,124.73,0,0
2024-07-19,60,15,7,140.26,0,0
2024-07-20,47,35,5,94.39,0,0
2024-07-20,11,32,0,74.68,0,0
2024-07-20,70,27,7,99.61,0,0
2024-07-20,31,7,3,82.79,1,1
2024-07-20,47,29,7,139.35,0,0
2024-07-21,40,19,1,132.55,0,0
2024-07-21,31,4,5,48.98,0,0
2024-07-21,69,9,4,180.8,0,0
2024-07-21,22,23,4,47.76,0,0
2024-07-21,61,30,5,164.65,0,0
2024-07-22,41,31,0,122.89,0,0
2024-07-22,8,29,6,36.81,0,0
2024-07-22,43,4,6,130.09,0,0
2024-07-22,33,29,5,93.38,0,0
2024-07-22,51,8,6,173.71,0,0
2024-07-23,38,34,6,80.41,0,0
2024-07-23,37,28,0,93.89,0,0
2024-07-23,53,35,4,132.45,1,0
2024-07-23,11,17,4,69.46,0,1
2024-07-23,2,14,5,81.83,0,1
2024-07-24,7,14,7,93.16,1,1
2024-07-24,13,35,0,92.37,0,0
2024-07-24,39,33,6,102.62,0,0
2024-07-24,21,1,0,60.36,1,1
2024-07-24,54,7,0,139.38,0,0
2024-07-25,50,21,6,118.0,0,0
2024-07-25,51,24,1,115.54,0,0
2024-07-25,8,2,6,87.88,0,0
2024-07-25,64,17,2,103.03,0,0
2024-07-25,13,18,1,38.61,1,0
2024-07-26,8,23,3,100.43,0,0
2024-07-26,44,23,4,151.57,0,0
2024-07-26,13,4,5,36.47,0,1
2024-07-26,35,31,2,51.87,0,0
2024-07-26,50,24,4,109.01,1,0
2024-07-27,43,1,2,145.76,0,1
2024-07-27,25,2,2,79.07,0,0
2024-07-27,48,10,6,129.25,0,0
2024-07-27,34,29,4,89.91,0,0
2024-07-27,40,17,4,83.57,0,0
2024-07-28,46,17,7,142.23,1,0
2024-07-28,1,31,3,65.05,0,0
2024-07-28,63,28,6,113.91,0,1
2024-07-28,63,33,4,164.09,0,0
2024-07-28,51,30,4,77.06,0,0
2024-08-01,2,29,2,73.79,0,1
2024-08-01,20,23,1,56.84,0,0
2024-08-01,5,23,0,41.41,0,0
2024-08-01,71,14,2,203.33,0,0
2024-08-01,1,8,1,93.01,0,1
2024-08-02,61,15,3,126.34,0,0
2024-08-02,6,9,1,92.32,0,1
2024-08-02,17,23,2,56.31,0,0
2024-08-02,65,23,3,158.14,0,0
2024-08-02,17,12,4,66.39,1,1
2024-08-03,56,19,7,139.48,0,0
2024-08-03,52,9,2,133.54,1,0
2024-08-03,64,32,3,170.06,0,0
2024-08-03,20,20,5,55.54,0,0
2024-08-03,56,35,1,108.9,0,0
2024-08-04,4,4,0,106.28,0,0
2024-08-04,57,30,0,151.86,0,0
2024-08-04,68,19,1,105.32,0,0
2024-08-04,70,13,3,139.44,0,0
2024-08-04,49,32,3,118.95,1,0
2024-08-05,26,9,1,67.92,0,0
2024-08-05,48,13,5,103.81,0,0
2024-08-05,15,15,2,79.95,0,0
2024-08-05,65,33,0,144.29,0,0
2024-08-05,0,4,3,83.03,0,1
2024-08-06,26,10,1,91.54,0,0
2024-08-06,31,28,6,97.36,0,0
2024-08-06,5,7,1,70.05,0,1
2024-08-06,1,28,0,33.46,0,1
2024-08-06,41,14,2,118.72,0,0
2024-08-07,14,26,7,92.14,0,0
2024-08-07,4,4,6,48.96,0,1
2024-08-07,10,0,6,64.54,0,1
2024-08-07,47,14,4,112.57,0,0
2024-08-07,52,31,6,150.31,0,0
2024-08-08,26,0,5,73.11,0,1
2024-08-08,57,1,1,153.71,0,0
2024-08-08,55,34,6,143.35,0,0
2024-08-08,2,2,7,96.98,0,1
2024-08-08,62,29,4,126.32,0,0
2024-08-09,25,2,2,97.78,0,0
2024-08-09,48,13,3,117.05,0,0
2024-08-09,0,20,5,53.47,0,0
2024-08-09,53,16,2,174.62,0,0
2024-08-09,72,12,6,191.19,0,0
2024-08-10,17,12,0,88.38,0,0
2024-08-10,61,19,1,133.53,0,0
2024-08-10,26,10,0,67.07,0,0
2024-08-10,31,16,6,45.97,1,0
2024-08-10,25,1,5,89.41,0,1
2024-08-11,9,23,6,53.95,1,0
2024-08-11,45,1,6,95.7,0,0
2024-08-11,44,31,3,84.72,0,0
2024-08-11,18,13,6,50.35,0,1
2024-08-11,14,12,1,55.34,0,0
2024-08-12,20,22,5,46.55,1,0
2024-08-12,40,3,4,116.86,0,1
2024-08-12,11,30,7,63.79,0,1
2024-08-12,32,20,5,116.19,0,0
2024-08-12,61,7,3,119.52,0,0
2024-08-13,41,3,7,113.08,1,0
2024-08-13,25,11,3,76.47,1,0
2024-08-13,3,3,1,27.86,0,1
2024-08-13,27,21,4,125.92,0,0
2024-08-13,6,10,2,16.49,0,0
2024-08-14,30,30,2,109.79,0,0
2024-08-14,25,27,1,51.97,0,0
2024-08-14,40,22,1,165.09,1,0
2024-08-14,64,19,5,111.46,0,0
2024-08-14,39,4,3,140.31,0,0
2024-08-15,35,31,3,69.01,0,0
2024-08-15,41,17,4,96.23,0,0
2024-08-15,15,9,2,48.27,0,1
2024-08-15,13,0,3,77.59,0,1
2024-08-15,15,7,4,96.98,0,0
2024-08-16,6,10,4,88.08,0,0
2024-08-16,34,16,7,51.68,1,0
2024-08-16,64,16,6,152.93,0,0
2024-08-16,16,12,5,115.23,0,0
2024-08-16,14,27,1,39.82,0,0
2024-08-17,46,21,6,125.07,0,0
2024-08-17,64,15,2,142.36,0,0
2024-08-17,0,24,6,36.96,0,1
2024-08-17,47,25,4,124.82,0,0
2024-08-17,61,21,2,97.33,1,0
2024-08-18,39,16,6,91.65,0,0
2024-08-18,63,3,4,125.41,0,0
2024-08-18,52,3,6,127.42,0,0
2024-08-18,48,0,0,89.64,0,0
2024-08-18,67,29,6,173.67,0,0
2024-08-19,19,35,5,104.67,0,0
2024-08-19,67,21,3,155.58,0,0
2024-08-19,49,11,3,101.8,0,0
2024-08-19,25,0,0,103.17,1,0
2024-08-19,24,3,4,38.72,0,1
2024-08-20,65,8,4,175.41,0,0
2024-08-20,54,5,2,109.01,1,0
2024-08-20,8,2,6,52.28,0,1
2024-08-20,15,20,3,62.42,0,1
2024-08-20,52,35,3,109.83,0,0
2024-08-21,40,8,7,128.12,0,1
2024-08-21,3,35,3,64.91,0,0
2024-08-21,70,16,2,171.23,0,0
2024-08-21,63,16,3,110.4,0,0
2024-08-21,22,22,5,94.59,0,0
2024-08-22,40,25,7,85.99,0,0
2024-08-22,48,18,0,125.27,0,0
2024-08-22,3,8,5,30.34,0,1
2024-08-22,42,30,1,128.77,0,0
2024-08-22,40,3,1,94.47,0,0
2024-08-23,16,16,6,112.48,1,1
2024-08-23,53,22,0,129.98,0,0
2024-08-23,0,7,7,97.61,0,0
2024-08-23,57,5,0,94.39,0,0
2024-08-23,42,14,6,106.49,0,0
2024-08-24,48,34,0,117.35,0,0
2024-08-24,34,25,1,120.45,0,0
2024-08-24,15,7,6,58.02,1,1
2024-08-24,22,6,2,26.82,0,1
2024-08-24,1,10,1,51.24,0,0
2024-08-25,44,35,2,101.56,0,0
2024-08-25,36,6,3,161.82,0,0
2024-08-25,23,23,3,77.58,0,0
2024-08-25,53,29,3,145.71,0,0
2024-08-25,56,28,3,125.63,0,0
2024-08-26,62,18,2,133.35,0,0
2024-08-26,36,29,1,110.7,0,0
2024-08-26,15,26,3,104.82,0,0
2024-08-26,44,32,5,75.06,0,0
2024-08-26,25,8,0,110.92,0,0
2024-08-27,38,11,6,103.31,0,1
2024-08-27,69,5,7,157.0,0,0
2024-08-27,48,20,5,134.3,0,0
2024-08-27,44,29,0,110.89,1,0
2024-08-27,72,27,2,162.76,1,0
2024-08-28,25,10,6,79.28,0,1
2024-08-28,27,24,0,134.68,0,0
2024-08-28,44,1,0,93.45,0,0
2024-08-28,28,23,5,60.72,0,0
2024-08-28,60,26,3,105.37,1,0
2024-09-01,70,20,5,137.24,0,0
2024-09-01,63,17,6,190.4,0,0
2024-09-01,14,23,1,111.86,0,0
2024-09-01,64,0,3,87.55,0,0
2024-09-01,18,26,6,138.25,0,0
2024-09-02,62,26,1,143.34,0,0
2024-09-02,44,22,7,102.44,0,0
2024-09-02,19,18,2,62.75,0,0
2024-09-02,46,12,1,117.32,0,0
2024-09-02,45,19,6,119.52,0,0
2024-09-03,38,19,7,79.17,1,1
2024-09-03,51,5,0,96.14,0,0
2024-09-03,72,16,3,112.57,0,0
2024-09-03,57,13,5,161.97,0,1
2024-09-03,52,1,6,130.5,0,0
2024-09-04,10,30,7,80.07,0,1
2024-09-04,39,14,1,129.85,0,0
2024-09-04,39,5,5,84.5,0,0
2024-09-04,53,25,4,136.29,0,0
2024-09-04,65,3,2,163.36,0,0
2024-09-05,0,24,5,65.7,1,1
2024-09-05,25,28,4,87.94,0,0
2024-09-05,50,13,7,77.91,1,0
2024-09-05,37,27,6,100.2,1,0
2024-09-05,1,7,6,45.93,1,1
2024-09-06,62,4,3,119.95,1,1
2024-09-06,54,5,2,155.38,0,0
2024-09-06,45,17,4,80.19,0,0
2024-09-06,52,24,5,129.92,1,0
2024-09-06,52,27,0,150.76,0,0
2024-09-07,51,32,3,131.03,0,0
2024-09-07,21,17,3,64.07,0,0
2024-09-07,47,34,6,105.39,1,0
2024-09-07,0,30,6,81.78,0,1
2024-09-07,0,29,4,43.71,0,1
2024-09-08,20,29,6,112.3,0,0
2024-09-08,59,12,1,127.44,0,0
2024-09-08,28,5,5,103.14,0,1
2024-09-08,32,25,1,111.15,1,0
2024-09-08,18,4,2,101.51,0,1
2024-09-09,34,23,0,111.2,0,0
2024-09-09,70,13,6,124.78,1,0
2024-09-09,12,19,1,103.09,0,0
2024-09-09,41,11,1,126.94,1,0
2024-09-09,7,17,7,72.57,0,0
2024-09-10,37,3,3,72.76,0,1
2024-09-10,55,30,4,117.4,0,0
2024-09-10,26,5,0,83.77,0,0
2024-09-10,67,13,3,176.99,0,0
2024-09-10,15,19,4,73.53,0,0
2024-09-11,61,29,6,100.58,0,0
2024-09-11,0,8,5,82.33,0,1
2024-09-11,30,28,1,107.79,0,0
2024-09-11,7,11,6,74.32,0,0
2024-09-11,49,16,0,88.54,0,0
2024-09-12,37,13,0,81.93,0,0
2024-09-12,54,30,5,122.51,0,0
2024-09-12,16,29,2,83.84,0,0
2024-09-12,16,29,5,62.22,1,1
2024-09-12,71,11,3,174.1,0,0
2024-09-13,31,33,7,76.68,1,0
2024-09-13,21,24,5,64.28,0,0
2024-09-13,8,28,5,75.02,0,0
2024-09-13,23,11,6,80.81,0,1
2024-09-13,66,3,6,152.4,0,0
2024-09-14,30,12,4,95.44,0,0
2024-09-14,33,4,3,112.63,0,0
2024-09-14,18,12,5,70.91,0,1
2024-09-14,8,14,6,43.5,0,1
2024-09-14,18,23,5,93.25,0,0
2024-09-15,45,8,5,142.98,0,0
2024-09-15,38,33,0,101.45,0,0
2024-09-15,4,0,2,103.16,0,1
2024-09-15,16,14,2,77.06,1,1
2024-09-15,18,29,1,75.98,0,0
2024-09-16,31,32,4,112.92,0,0
2024-09-16,68,20,6,134.08,0,0
2024-09-16,46,18,5,155.3,0,0
2024-09-16,44,21,6,154.18,0,0
2024-09-16,2,32,3,48.01,0,0
2024-09-17,36,5,0,95.36,0,1
2024-09-17,48,8,7,145.19,0,0
2024-09-17,38,12,1,100.42,0,0
2024-09-17,48,9,2,83.15,0,0
2024-09-17,71,12,2,135.87,0,0
2024-09-18,63,3,6,175.77,0,0
2024-09-18,24,8,3,94.85,0,0
2024-09-18,72,4,0,179.05,0,0
2024-09-18,63,1,0,143.25,0,0
2024-09-18,50,0,2,138.83,0,0
2024-09-19,59,18,2,177.52,1,0
2024-09-19,34,35,5,103.58,0,0
2024-09-19,13,35,0,47.95,0,0
2024-09-19,53,32,2,128.97,0,0
2024-09-19,22,15,5,121.94,0,0
2024-09-20,67,6,3,141.58,0,0
2024-09-20,16,20,2,55.28,0,0
2024-09-20,58,31,6,119.26,0,0
2024-09-20,46,13,7,135.32,0,0
2024-09-20,21,5,6,76.59,1,1
2024-09-21,29,9,3,87.47,0,1
2024-09-21,1,14,3,25.06,1,0
2024-09-21,46,33,1,73.36,0,0
2024-09-21,22,31,3,77.18,0,0
2024-09-21,2,15,1,74.32,1,0
2024-09-22,38,7,5,94.97,0,0
2024-09-22,50,35,5,97.65,0,0
2024-09-22,8,10,4,70.27,0,1
2024-09-22,45,16,5,156.05,0,0
2024-09-22,18,35,6,76.98,0,0
2024-09-23,65,11,4,136.63,0,0
2024-09-23,44,28,5,165.1,0,0
2024-09-23,48,0,1,111.51,0,0
2024-09-23,70,20,0,154.73,0,0
2024-09-23,45,28,0,130.06,0,0
2024-09-24,69,9,6,162.48,0,0
2024-09-24,7,26,0,51.91,0,0
2024-09-24,10,25,3,83.83,0,0
2024-09-24,20,2,0,44.56,0,0
2024-09-24,41,9,4,126.56,0,0
2024-09-25,33,24,2,108.59,0,0
2024-09-25,30,7,3,65.48,0,1
2024-09-25,19,4,7,61.46,0,1
2024-09-25,37,29,6,80.43,0,0
2024-09-25,24,33,2,83.88,0,0
2024-09-26,61,0,0,103.35,0,1
2024-09-26,21,17,7,62.37,0,1
2024-09-26,67,34,2,145.32,0,0
2024-09-26,9,30,0,96.07,0,0
2024-09-26,10,33,5,41.35,0,1
2024-09-27,40,17,1,130.51,0,0
2024-09-27,59,22,6,182.26,1,0
2024-09-27,15,30,2,64.78,0,0
2024-09-27,41,17,0,159.21,0,0
2024-09-27,31,0,4,114.06,0,1
2024-09-28,34,21,2,64.3,1,0
2024-09-28,47,31,6,139.47,0,0
2024-09-28,38,29,1,150.19,1,0
2024-09-28,26,34,4,49.17,0,0
2024-09-28,38,29,3,86.24,0,0
2024-10-01,16,10,2,87.48,0,0
2024-10-01,34,7,4,105.54,0,0
2024-10-01,33,23,0,104.75,0,0
2024-10-01,19,15,1,107.66,0,0
2024-10-01,20,16,1,66.3,0,0
2024-10-02,4,12,6,60.63,0,1
2024-10-02,26,31,0,79.35,0,0
2024-10-02,63,1,3,95.79,0,0
2024-10-02,14,33,2,93.31,1,0
2024-10-02,66,31,4,138.34,0,0
2024-10-03,6,0,0,66.17,0,0
2024-10-03,40,8,6,98.29,0,0
2024-10-03,19,33,4,61.47,0,0
2024-10-03,7,16,5,30.79,0,1
2024-10-03,67,13,1,130.31,0,0
2024-10-04,47,12,3,125.02,1,0
2024-10-04,8,32,6,4.55,0,1
2024-10-04,68,29,3,147.53,0,0
2024-10-04,30,29,2,139.11,0,1
2024-10-04,6,15,4,82.06,0,0
2024-10-05,41,22,4,88.54,0,0
2024-10-05,44,20,3,132.3,0,0
2024-10-05,15,0,6,49.88,0,1
2024-10-05,22,4,2,66.39,0,0
2024-10-05,36,20,3,115.16,0,0
2024-10-06,52,13,2,92.92,0,0
2024-10-06,23,25,2,111.69,0,0
2024-10-06,67,32,3,143.84,0,0
2024-10-06,18,9,1,105.2,0,0
2024-10-06,2,16,0,50.05,0,1
2024-10-07,15,11,6,82.7,0,1
2024-10-07,28,17,0,53.89,1,1
2024-10-07,15,17,5,85.86,0,1
2024-10-07,31,34,2,84.83,0,0
2024-10-07,1,27,4,84.92,0,0
2024-10-08,69,26,0,159.96,0,0
2024-10-08,5,17,5,67.1,0,1
2024-10-08,8,15,7,39.25,0,1
2024-10-08,62,11,5,182.97,1,0
2024-10-08,51,2,6,167.25,1,0
2024-10-09,34,25,7,142.48,1,0
2024-10-09,22,26,2,95.73,1,0
2024-10-09,37,15,0,91.63,0,0
2024-10-09,67,24,6,150.86,1,0
2024-10-09,25,16,5,89.11,1,0
2024-10-10,19,12,4,107.9,0,0
2024-10-10,52,27,2,150.67,0,0
2024-10-10,48,24,7,154.98,0,0
2024-10-10,26,15,6,108.28,0,1
2024-10-10,54,20,4,116.08,0,0
2024-10-11,29,16,4,143.45,0,0
2024-10-11,2,11,0,96.42,0,0
2024-10-11,61,13,7,121.06,1,0
2024-10-11,36,32,1,122.01,0,0
2024-10-11,40,2,7,133.6,0,0
2024-10-12,33,10,3,73.26,1,0
2024-10-12,16,13,4,57.47,0,0
2024-10-12,70,5,5,161.52,0,0
2024-10-12,6,21,7,74.36,0,0
2024-10-12,63,20,3,165.21,0,0
2024-10-13,64,18,1,161.61,0,0
2024-10-13,26,4,7,109.43,0,1
2024-10-13,32,9,6,61.17,0,1
2024-10-13,55,10,4,87.92,0,0
2024-10-13,44,2,7,112.06,0,1
2024-10-14,51,19,5,144.25,0,0
2024-10-14,43,5,1,159.34,0,0
2024-10-14,42,35,6,90.14,0,0
2024-10-14,3,7,0,55.62,0,0
2024-10-14,35,17,5,91.01,0,0
2024-10-15,14,4,4,73.71,0,0
2024-10-15,18,33,4,84.91,0,0
2024-10-15,38,34,5,84.88,0,0
2024-10-15,18,2,5,72.71,1,0
2024-10-15,3,22,6,45.31,1,1
2024-10-16,31,18,3,90.41,1,1
2024-10-16,57,6,0,171.49,0,0
2024-10-16,37,34,0,109.5,0,0
2024-10-16,10,34,6,62.96,0,0
2024-10-16,27,31,1,102.58,0,0
2024-10-17,37,1,0,140.84,1,0
2024-10-17,24,22,1,119.4,0,0
2024-10-17,3,29,7,35.88,0,1
2024-10-17,50,28,2,121.47,0,0
2024-10-17,44,29,7,163.17,0,0
2024-10-18,32,0,7,123.78,1,0
2024-10-18,12,6,2,111.4,0,0
2024-10-18,48,3,6,104.11,0,0
2024-10-18,21,8,0,61.43,0,0
2024-10-18,61,28,2,82.32,0,0
2024-10-19,34,32,5,92.48,0,0
2024-10-19,66,32,5,129.64,0,0
2024-10-19,63,28,5,122.14,0,0
2024-10-19,66,16,5,151.96,0,0
2024-10-19,34,9,5,68.55,0,0
2024-10-20,4,30,1,46.34,0,0
2024-10-20,70,28,5,181.42,1,0
2024-10-20,70,7,7,153.45,0,0
2024-10-20,7,19,4,58.18,1,1
2024-10-20,20,11,0,80.78,0,0
2024-10-21,42,20,1,124.51,0,0
2024-10-21,17,15,2,29.77,0,0
2024-10-21,13,22,3,91.39,0,0
2024-10-21,8,1,0,58.26,0,0
2024-10-21,66,32,1,186.5,0,0
2024-10-22,44,5,4,126.67,1,1
2024-10-22,47,3,0,90.15,0,0
2024-10-22,30,2,0,60.79,0,0
2024-10-22,31,13,6,92.64,0,1
2024-10-22,16,20,7,110.73,0,0
2024-10-23,9,25,4,65.46,0,0
2024-10-23,36,31,1,120.32,0,0
2024-10-23,17,28,2,54.48,0,0
2024-10-23,72,8,6,115.58,0,0
2024-10-23,42,2,4,88.24,1,0
2024-10-24,25,16,0,51.33,0,0
2024-10-24,15,15,2,130.09,0,0
2024-10-24,15,32,6,100.78,0,0
2024-10-24,4,23,3,76.65,0,0
2024-10-24,66,18,1,136.81,0,0
2024-10-25,51,11,2,142.36,0,0
2024-10-25,60,20,3,127.63,0,0
2024-10-25,57,4,4,103.95,1,0
2024-10-25,22,29,2,147.34,0,0
2024-10-25,31,34,1,95.71,0,0
2024-10-26,64,11,5,124.3,0,0
2024-10-26,47,34,3,136.24,0,0
2024-10-26,65,12,7,127.87,0,0
2024-10-26,56,29,4,147.1,0,0
2024-10-26,37,31,6,65.97,0,0
2024-10-27,14,16,2,68.99,0,0
2024-10-27,56,28,5,125.88,1,0
2024-10-27,10,1,6,19.55,0,0
2024-10-27,31,21,7,132.45,0,0
2024-10-27,15,7,1,54.2,0,0
2024-10-28,20,31,2,70.73,0,0
2024-10-28,4,34,7,124.05,0,0
2024-10-28,27,35,4,96.19,0,0
2024-10-28,48,4,1,106.83,0,0
2024-10-28,63,26,6,131.63,0,0
2024-11-01,51,24,3,74.43,0,0
2024-11-01,52,21,3,184.29,0,0
2024-11-01,17,35,2,72.7,0,0
2024-11-01,72,30,2,124.62,0,0
2024-11-01,69,6,6,130.13,0,1
2024-11-02,69,8,2,163.72,0,0
2024-11-02,9,6,2,76.7,1,1
2024-11-02,62,25,7,121.2,0,0
2024-11-02,31,1,6,161.5,0,1
2024-11-02,67,9,2,129.21,0,0
2024-11-03,16,15,6,92.64,0,0
2024-11-03,47,25,4,125.36,0,0
2024-11-03,43,2,1,172.19,0,0
2024-11-03,4,13,0,56.08,0,1
2024-11-03,44,27,4,103.19,0,0
2024-11-04,40,0,0,153.08,0,1
2024-11-04,69,1,1,146.66,0,0
2024-11-04,15,28,3,62.11,0,0
2024-11-04,68,27,0,147.44,0,0
2024-11-04,44,3,1,118.45,0,0
2024-11-05,7,19,3,116.26,0,0
2024-11-05,14,0,3,68.85,0,1
2024-11-05,15,26,5,92.29,0,0
2024-11-05,47,30,6,119.95,0,0
2024-11-05,71,26,5,139.73,0,0
2024-11-06,9,3,3,80.29,0,0
2024-11-06,7,12,3,80.43,0,1
2024-11-06,5,23,6,17.36,0,1
2024-11-06,16,8,0,51.61,0,1
2024-11-06,44,13,7,138.21,0,0
2024-11-07,22,15,4,42.27,0,0
2024-11-07,55,4,2,118.93,0,0
2024-11-07,11,6,6,91.67,0,1
2024-11-07,13,22,7,120.53,0,0
2024-11-07,37,35,1,124.51,0,0
2024-11-08,52,15,7,105.38,1,0
2024-11-08,55,32,2,138.0,0,0
2024-11-08,36,5,7,72.88,0,0
2024-11-08,54,1,5,129.71,0,0
2024-11-08,30,3,4,54.24,0,1
2024-11-09,43,19,7,111.72,0,1
2024-11-09,42,11,5,147.23,0,0
2024-11-09,55,22,2,151.2,0,0
2024-11-09,9,35,6,56.71,0,1
2024-11-09,55,18,2,132.24,0,0
2024-11-10,66,24,4,125.81,0,0
2024-11-10,31,9,5,115.14,0,0
2024-11-10,10,11,6,71.29,0,0
2024-11-10,69,8,3,170.41,0,0
2024-11-10,3,3,7,69.54,0,1
2024-11-11,19,17,0,46.95,1,0
2024-11-11,40,6,7,127.35,1,0
2024-11-11,28,24,4,116.2,0,0
2024-11-11,38,7,2,110.84,0,0
2024-11-11,35,31,3,107.33,0,0
2024-11-12,12,15,2,59.48,1,1
2024-11-12,72,29,3,130.16,0,0
2024-11-12,47,22,7,145.56,0,0
2024-11-12,55,31,1,141.1,0,0
2024-11-12,14,18,1,105.55,0,0
2024-11-13,43,1,3,137.76,0,0
2024-11-13,54,23,5,117.8,0,0
2024-11-13,41,29,3,97.36,0,0
2024-11-13,36,23,4,110.14,0,0
2024-11-13,51,6,2,142.28,0,0
2024-11-14,54,19,5,175.84,1,0
2024-11-14,42,2,6,116.31,1,0
2024-11-14,44,34,5,167.45,0,0
2024-11-14,19,8,1,83.6,0,0
2024-11-14,61,32,6,144.12,0,0
2024-11-15,54,27,7,145.92,0,0
2024-11-15,21,6,7,49.29,0,1
2024-11-15,21,2,1,83.06,0,1
2024-11-15,72,14,4,170.88,1,0
2024-11-15,62,24,2,134.98,0,0
2024-11-16,69,20,4,118.98,1,0
2024-11-16,70,25,0,102.55,0,0
2024-11-16,11,9,6,74.68,0,1
2024-11-16,18,15,5,109.52,0,0
2024-11-16,51,29,4,96.63,1,0
2024-11-17,4,16,4,64.05,0,1
2024-11-17,72,25,7,146.74,0,0
2024-11-17,21,34,0,28.64,0,0
2024-11-17,24,12,7,117.47,0,1
2024-11-17,14,9,4,60.11,0,1
2024-11-18,17,23,6,93.74,0,0
2024-11-18,21,1,3,74.39,0,1
2024-11-18,5,18,0,43.36,0,0
2024-11-18,46,2,5,124.59,0,1
2024-11-18,55,33,5,130.71,0,0
2024-11-19,14,35,0,63.05,1,0
2024-11-19,39,8,3,113.77,0,0
2024-11-19,49,20,1,127.68,0,0
2024-11-19,44,2,0,93.9,0,0
2024-11-19,65,24,4,146.82,0,0
2024-11-20,59,17,2,191.83,0,0
2024-11-20,59,1,7,187.0,0,0
2024-11-20,17,9,5,37.09,0,1
2024-11-20,17,5,0,54.46,0,1
2024-11-20,50,8,5,113.67,0,0
2024-11-21,63,13,0,172.7,0,0
2024-11-21,62,0,4,186.72,0,0
2024-11-21,41,35,5,121.33,0,0
2024-11-21,52,9,5,154.04,0,0
2024-11-21,33,35,2,102.83,0,0
2024-11-22,56,21,6,100.36,0,0
2024-11-22,22,5,3,80.17,0,1
2024-11-22,52,13,0,145.07,0,1
2024-11-22,26,21,3,97.72,0,0
2024-11-22,56,35,5,130.24,1,0
2024-11-23,36,23,2,84.69,0,0
2024-11-23,33,19,3,95.01,0,0
2024-11-23,69,10,2,162.41,0,0
2024-11-23,63,3,2,185.85,1,0
2024-11-23,63,26,0,145.93,0,0
2024-11-24,38,30,7,89.21,0,0
2024-11-24,6,23,5,93.1,0,1
2024-11-24,38,24,1,82.01,0,0
2024-11-24,43,1,5,165.67,0,0
2024-11-24,23,4,3,70.54,0,1
2024-11-25,54,13,4,148.17,0,0
2024-11-25,33,20,3,101.82,0,0
2024-11-25,65,6,1,148.03,0,0
2024-11-25,23,4,2,104.65,0,0
2024-11-25,49,33,0,115.49,0,0
2024-11-26,70,1,2,179.22,0,0
2024-11-26,8,19,1,32.94,0,1
2024-11-26,64,4,0,177.13,0,0
2024-11-26,42,25,7,143.1,0,0
2024-11-26,6,33,1,48.58,0,0
2024-11-27,47,12,3,116.12,0,0
2024-11-27,27,17,6,101.75,1,0
2024-11-27,28,28,4,82.49,0,0
2024-11-27,61,24,6,170.13,0,0
2024-11-27,1,32,5,58.72,1,1
2024-11-28,72,14,6,154.71,0,0
2024-11-28,39,27,2,103.28,0,0
2024-11-28,0,15,3,64.8,0,1
2024-11-28,71,13,3,153.49,1,0
2024-11-28,50,28,0,147.28,0,0
2024-12-01,28,29,7,87.4,0,1
2024-12-01,46,15,0,105.13,0,0
2024-12-01,44,14,1,133.71,1,0
2024-12-01,3,5,1,102.01,0,0
2024-12-01,44,11,3,108.97,1,0
2024-12-02,61,21,1,135.68,0,0
2024-12-02,38,20,2,86.09,0,0
2024-12-02,2,33,7,70.37,1,1
2024-12-02,57,2,7,148.76,0,0
2024-12-02,8,14,5,56.18,0,1
2024-12-03,2,3,1,72.65,0,1
2024-12-03,33,16,7,82.44,0,0
2024-12-03,66,26,4,101.66,1,0
2024-12-03,12,16,0,78.45,0,0
2024-12-03,9,25,1,66.37,0,1
2024-12-04,10,9,2,82.42,0,0
2024-12-04,33,23,7,75.61,0,1
2024-12-04,46,29,5,167.51,0,0
2024-12-04,1,6,4,66.0,0,1
2024-12-04,0,7,0,104.69,1,0
2024-12-05,39,4,5,117.57,0,0
2024-12-05,68,20,4,141.11,0,0
2024-12-05,70,0,1,142.18,0,0
2024-12-05,36,32,7,113.76,0,0
2024-12-05,16,6,5,51.89,0,1
2024-12-06,61,28,2,104.85,0,0
2024-12-06,11,16,3,69.62,0,0
2024-12-06,49,32,3,80.24,1,0
2024-12-06,61,22,2,146.47,0,0
2024-12-06,30,1,1,108.46,0,0
2024-12-07,5,27,3,48.8,0,0
2024-12-07,31,21,6,108.07,0,0
2024-12-07,67,18,6,118.57,0,0
2024-12-07,23,1,7,67.69,0,1
2024-12-07,69,24,6,89.68,0,0
2024-12-08,27,7,6,70.52,0,0
2024-12-08,38,3,7,95.8,0,0
2024-12-08,11,25,1,124.57,0,0
2024-12-08,38,12,7,83.16,0,0
2024-12-08,42,26,3,155.3,0,0
2024-12-09,60,29,2,126.99,0,0
2024-12-09,0,31,6,94.6,0,0
2024-12-09,44,35,6,85.8,0,0
2024-12-09,63,1,2,153.69,0,0
2024-12-09,49,24,3,137.72,0,0
2024-12-10,69,33,0,157.55,0,0
2024-12-10,59,10,2,151.61,0,0
2024-12-10,6,25,5,62.64,0,1
2024-12-10,6,17,7,63.06,1,1
2024-12-10,68,5,1,151.75,0,0
2024-12-11,8,13,6,87.85,0,1
2024-12-11,71,6,7,150.23,0,0
2024-12-11,25,11,2,89.01,0,1
2024-12-11,57,5,4,144.43,0,0
2024-12-11,30,9,4,116.83,0,1
2024-12-12,72,4,0,173.72,0,0
2024-12-12,34,14,1,96.86,0,0
2024-12-12,48,3,6,106.42,0,0
2024-12-12,46,15,5,138.37,0,0
2024-12-12,54,14,1,143.31,0,0
2024-12-13,58,9,7,101.15,0,0
2024-12-13,55,9,4,181.47,0,0
2024-12-13,2,25,6,38.88,0,1
2024-12-13,12,33,6,33.74,0,0
2024-12-13,1,31,0,57.54,0,0
2024-12-14,67,31,3,170.57,0,0
2024-12-14,7,25,3,14.81,0,0
2024-12-14,14,30,7,20.22,0,1
2024-12-14,12,9,1,54.08,0,1
2024-12-14,18,23,6,51.71,0,0
2024-12-15,60,31,2,124.58,0,0
2024-12-15,16,9,5,69.39,0,0
2024-12-15,67,19,7,146.74,0,0
2024-12-15,64,18,5,172.6,0,0
2024-12-15,0,22,6,75.6,0,0
2024-12-16,33,12,7,110.23,0,0
2024-12-16,61,19,6,128.63,0,1
2024-12-16,69,13,2,110.68,1,0
2024-12-16,26,34,4,114.11,0,0
2024-12-16,50,29,0,111.42,0,0
2024-12-17,7,15,4,7.1,1,1
2024-12-17,54,32,6,132.35,0,0
2024-12-17,64,15,2,168.62,1,0
2024-12-17,61,10,2,134.72,0,0
2024-12-17,38,11,2,128.58,0,0
2024-12-18,0,25,6,36.99,0,0
2024-12-18,35,15,3,91.75,0,0
2024-12-18,42,31,6,77.86,0,0
2024-12-18,19,25,0,143.3,0,0
2024-12-18,45,11,7,73.13,1,0
2024-12-19,12,2,7,96.53,0,1
2024-12-19,10,11,1,57.87,1,0
2024-12-19,59,4,3,172.51,0,0
2024-12-19,43,21,4,155.13,0,0
2024-12-19,1,31,1,97.01,0,0
2024-12-20,51,19,7,86.5,0,1
2024-12-20,28,18,5,91.45,0,0
2024-12-20,68,2,1,141.9,0,0
2024-12-20,35,14,1,127.86,0,0
2024-12-20,48,4,3,121.99,0,0
2024-12-21,38,34,7,75.62,1,1
2024-12-21,4,26,5,12.45,0,1
2024-12-21,1,30,5,50.6,0,0
2024-12-21,12,25,0,113.8,0,0
2024-12-21,54,2,7,128.62,0,0
2024-12-22,16,30,6,63.22,0,0
2024-12-22,50,15,6,127.54,0,1
2024-12-22,35,18,5,77.36,0,0
2024-12-22,48,23,7,133.35,1,0
2024-12-22,23,15,2,78.1,0,0
2024-12-23,69,23,6,187.62,0,0
2024-12-23,11,7,1,74.11,0,0
2024-12-23,64,22,3,145.37,0,0
2024-12-23,45,33,3,117.04,0,0
2024-12-23,37,14,4,96.12,1,0
2024-12-24,70,10,0,157.85,0,0
2024-12-24,18,23,2,69.45,0,0
2024-12-24,18,29,4,53.32,0,0
2024-12-24,39,26,2,140.3,0,0
2024-12-24,0,21,6,80.25,0,0
2024-12-25,41,2,7,137.43,0,0
2024-12-25,14,28,5,48.58,0,0
2024-12-25,53,5,1,89.22,0,0
2024-12-25,66,9,2,114.7,0,0
2024-12-25,14,29,7,107.3,0,1
2024-12-26,34,25,5,77.3,0,0
2024-12-26,16,26,0,70.4,0,0
2024-12-26,59,24,7,169.82,0,0
2024-12-26,23,35,4,100.69,0,0
2024-12-26,29,10,4,74.33,0,1
2024-12-27,10,10,2,69.49,0,1
2024-12-27,7,3,6,59.22,0,0
2024-12-27,37,32,0,151.47,0,0
2024-12-27,55,17,5,123.48,1,0
2024-12-27,16,33,5,86.02,0,0
2024-12-28,29,11,7,104.86,0,0
2024-12-28,49,35,7,130.51,0,0
2024-12-28,56,35,1,109.8,0,0
2024-12-28,43,28,0,170.14,0,0
2024-12-28,30,12,5,90.88,0,0
2025-01-01,52,9,1,136.08,0,0
2025-01-01,70,1,1,171.39,0,0
2025-01-01,11,34,1,90.67,0,0
2025-01-01,48,27,6,137.07,0,0
2025-01-01,11,1,2,65.01,0,0
2025-01-02,59,3,6,177.9,0,0
2025-01-02,50,34,5,88.66,0,0
2025-01-02,0,19,4,128.06,0,0
2025-01-02,51,29,6,175.16,0,0
2025-01-02,27,3,4,133.49,0,1
2025-01-03,29,11,1,111.38,0,0
2025-01-03,57,28,0,118.73,0,0
2025-01-03,22,35,1,60.56,1,0
2025-01-03,10,11,7,66.61,0,0
2025-01-03,31,21,4,61.59,1,0
2025-01-04,1,13,2,50.68,0,1
2025-01-04,37,24,4,96.99,0,0
2025-01-04,14,2,0,78.27,0,0
2025-01-04,34,16,1,103.84,0,0
2025-01-04,11,18,4,62.91,0,1
2025-01-05,35,10,1,180.09,0,0
2025-01-05,51,2,1,75.96,0,0
2025-01-05,7,27,3,52.23,0,0
2025-01-05,54,31,3,112.48,0,0
2025-01-05,56,12,0,164.06,0,0
2025-01-06,17,35,4,66.88,0,0
2025-01-06,69,2,2,172.4,0,0
2025-01-06,29,22,4,79.03,0,0
2025-01-06,43,29,0,118.92,0,0
2025-01-06,67,5,5,167.42,0,0
2025-01-07,57,13,1,160.4,0,0
2025-01-07,51,34,4,99.86,0,0
2025-01-07,27,4,5,137.17,0,0
2025-01-07,8,7,0,83.94,0,0
2025-01-07,6,23,2,57.93,0,1
2025-01-08,32,16,4,124.79,0,0
2025-01-08,4,30,2,67.55,0,0
2025-01-08,11,7,1,35.56,1,1
2025-01-08,45,18,1,76.87,0,0
2025-01-08,40,31,0,69.87,0,0
2025-01-09,13,28,6,60.11,0,0
2025-01-09,17,23,1,79.22,0,0
2025-01-09,37,20,4,119.15,0,0
2025-01-09,31,7,1,98.86,0,0
2025-01-09,40,14,6,109.04,0,0
2025-01-10,52,33,1,133.35,0,0
2025-01-10,19,25,2,97.05,0,0
2025-01-10,45,18,6,138.4,0,0
2025-01-10,0,0,1,69.98,0,1
2025-01-10,59,24,0,143.54,0,0
2025-01-11,38,31,6,133.8,0,0
2025-01-11,47,24,3,159.36,0,0
2025-01-11,59,24,6,133.28,0,0
2025-01-11,5,19,3,47.89,0,0
2025-01-11,36,1,5,118.14,0,0
2025-01-12,58,34,1,150.26,1,0
2025-01-12,29,30,7,12.9,0,0
2025-01-12,26,11,2,142.77,0,0
2025-01-12,41,21,6,141.26,0,0
2025-01-12,7,16,7,45.6,0,1
2025-01-13,48,12,7,133.2,0,0
2025-01-13,71,30,2,123.88,0,0
2025-01-13,24,7,5,94.02,0,1
2025-01-13,3,29,2,53.47,0,0
2025-01-13,60,13,6,164.11,0,0
2025-01-14,61,3,7,162.19,0,0
2025-01-14,72,14,3,103.58,1,0
2025-01-14,69,1,3,117.8,0,0
2025-01-14,41,28,4,122.07,0,0
2025-01-14,33,24,6,129.07,1,0
2025-01-15,21,10,1,92.11,0,0
2025-01-15,65,17,1,137.0,0,0
2025-01-15,22,35,2,65.58,1,0
2025-01-15,11,20,4,43.3,0,0
2025-01-15,58,0,1,131.76,0,0
2025-01-16,54,29,4,134.12,0,0
2025-01-16,71,12,2,175.11,0,0
2025-01-16,35,23,4,76.41,0,0
2025-01-16,26,6,3,86.62,0,1
2025-01-16,24,2,3,71.6,1,1
2025-01-17,46,28,3,118.32,0,0
2025-01-17,43,10,3,132.91,1,0
2025-01-17,60,33,6,155.73,0,0
2025-01-17,27,26,1,103.4,0,0
2025-01-17,3,21,5,40.15,0,0
2025-01-18,71,8,4,144.73,0,0
2025-01-18,34,7,2,82.77,0,1
2025-01-18,25,32,2,101.43,0,0
2025-01-18,59,0,1,160.51,0,0
2025-01-18,26,29,0,125.61,0,0
2025-01-19,42,0,6,167.36,1,0
2025-01-19,26,35,4,114.67,0,0
2025-01-19,47,26,0,89.77,0,0
2025-01-19,2,9,6,82.41,0,1
2025-01-19,46,29,6,140.84,0,0
2025-01-20,22,33,2,104.24,0,0
2025-01-20,20,14,7,89.5,0,0
2025-01-20,39,5,3,80.35,0,0
2025-01-20,1,34,1,40.61,0,0
2025-01-20,8,6,4,63.97,0,1
2025-01-21,55,17,0,117.16,0,0
2025-01-21,33,28,7,102.34,0,0
2025-01-21,32,15,7,121.17,0,1
2025-01-21,43,25,7,134.9,0,0
2025-01-21,45,27,4,157.47,0,0
2025-01-22,53,6,1,124.45,1,0
2025-01-22,13,34,5,95.93,0,0
2025-01-22,38,14,2,67.56,1,0
2025-01-22,72,10,0,119.49,0,0
2025-01-22,38,18,5,122.01,0,0
2025-01-23,62,8,7,139.43,0,1
2025-01-23,69,8,6,124.18,0,0
2025-01-23,10,3,2,47.61,0,0
2025-01-23,45,12,7,90.36,0,1
2025-01-23,19,32,6,120.97,0,0
2025-01-24,8,21,0,84.99,1,0
2025-01-24,53,22,6,83.06,0,0
2025-01-24,18,4,3,95.0,0,1
2025-01-24,19,35,2,106.84,0,0
2025-01-24,7,35,1,59.94,0,0
2025-01-25,7,5,6,28.14,0,1
2025-01-25,70,10,1,143.2,0,0
2025-01-25,58,18,2,133.36,0,0
2025-01-25,18,19,0,64.33,0,0
2025-01-25,72,3,5,197.49,0,0
2025-01-26,33,27,6,61.6,0,0
2025-01-26,46,35,4,137.56,0,0
2025-01-26,25,20,7,78.48,1,1
2025-01-26,36,13,2,157.37,0,0
2025-01-26,6,8,7,65.56,0,1
2025-01-27,18,2,5,70.93,1,0
2025-01-27,29,8,0,121.89,0,0
2025-01-27,32,1,7,85.01,0,0
2025-01-27,7,24,0,52.93,1,0
2025-01-27,11,19,7,73.99,0,1
2025-01-28,64,17,5,117.32,0,0
2025-01-28,3,0,1,98.95,0,1
2025-01-28,60,24,3,142.0,1,0
2025-01-28,9,19,7,37.03,0,1
2025-01-28,9,1,7,30.13,0,1
2025-02-01,38,34,0,68.87,0,0
2025-02-01,1,35,5,112.06,0,0
2025-02-01,14,23,4,32.3,0,0
2025-02-01,40,25,7,79.97,0,0
2025-02-01,3,34,5,58.07,0,1
2025-02-02,37,10,5,64.04,0,0
2025-02-02,61,8,4,148.43,1,0
2025-02-02,22,13,5,127.83,0,1
2025-02-02,42,27,0,87.55,1,0
2025-02-02,4,15,7,29.24,0,1
2025-02-03,4,18,2,64.89,0,1
2025-02-03,26,28,7,86.48,0,0
2025-02-03,25,2,5,90.07,0,0
2025-02-03,65,35,7,106.96,0,0
2025-02-03,22,21,0,90.82,0,0
2025-02-04,21,9,3,121.5,0,1
2025-02-04,31,35,2,131.51,0,0
2025-02-04,19,16,2,84.67,0,0
2025-02-04,18,23,0,100.25,0,0
2025-02-04,0,35,0,54.92,0,0
2025-02-05,54,20,4,143.51,0,0
2025-02-05,51,35,5,126.67,0,0
2025-02-05,38,31,6,77.03,0,0
2025-02-05,18,31,1,116.27,0,0
2025-02-05,47,24,5,136.76,0,0
2025-02-06,7,16,4,103.97,0,0
2025-02-06,52,16,6,104.04,0,1
2025-02-06,11,29,6,89.02,1,0
2025-02-06,1,0,2,60.19,0,1
2025-02-06,71,5,0,141.85,0,0
2025-02-07,0,16,6,57.04,0,1
2025-02-07,43,17,5,103.29,0,1
2025-02-07,0,14,2,52.55,0,0
2025-02-07,28,10,5,95.43,0,0
2025-02-07,55,0,3,128.34,0,0
2025-02-08,11,17,5,120.11,0,0
2025-02-08,26,24,1,84.92,0,0
2025-02-08,8,7,4,118.28,0,1
2025-02-08,55,10,7,74.15,0,0
2025-02-08,52,10,7,102.9,0,1
2025-02-09,9,11,1,67.96,0,0
2025-02-09,26,20,7,77.47,0,1
2025-02-09,4,8,3,28.46,1,1
2025-02-09,25,21,5,113.72,0,0
2025-02-09,38,32,2,105.52,0,0
2025-02-10,65,23,4,95.06,0,0
2025-02-10,28,2,1,94.83,0,0
2025-02-10,42,12,3,148.5,0,0
2025-02-10,70,32,6,122.28,0,0
2025-02-10,38,17,2,155.98,0,0
2025-02-11,62,6,5,176.08,0,0
2025-02-11,46,34,3,128.14,1,0
2025-02-11,30,11,5,137.04,0,0
2025-02-11,24,32,1,79.83,0,0
2025-02-11,11,1,5,111.25,0,1
2025-02-12,65,0,1,134.91,1,0
2025-02-12,2,32,3,55.19,0,0
2025-02-12,44,29,4,105.98,0,0
2025-02-12,43,7,2,134.94,0,1
2025-02-12,45,1,2,147.41,0,0
2025-02-13,19,28,4,72.62,0,0
2025-02-13,25,14,7,92.28,0,1
2025-02-13,36,22,7,122.9,0,1
2025-02-13,67,23,3,141.55,1,0
2025-02-13,10,32,2,103.08,0,1
2025-02-14,35,9,3,118.95,1,1
2025-02-14,37,26,7,112.06,0,1
2025-02-14,31,12,7,66.08,1,0
2025-02-14,68,32,6,185.64,0,0
2025-02-14,22,19,6,54.89,0,0
2025-02-15,70,15,2,162.78,0,0
2025-02-15,45,32,5,136.78,0,0
2025-02-15,17,17,7,55.43,0,0
2025-02-15,71,18,7,141.93,0,0
2025-02-15,54,14,1,98.57,0,0
2025-02-16,57,10,7,123.55,0,1
2025-02-16,46,22,5,93.53,0,0
2025-02-16,41,24,5,121.55,0,0
2025-02-16,33,14,7,81.5,0,1
2025-02-16,21,6,0,70.54,0,0
2025-02-17,9,27,3,83.88,0,0
2025-02-17,33,23,5,76.31,1,0
2025-02-17,7,21,1,72.35,0,0
2025-02-17,65,18,4,117.64,0,0
2025-02-17,20,17,1,78.36,0,0
2025-02-18,49,8,3,137.74,0,0
2025-02-18,33,20,5,96.57,0,0
2025-02-18,43,13,2,105.9,0,0
2025-02-18,64,30,5,107.11,0,0
2025-02-18,39,33,4,81.68,0,0
2025-02-19,10,18,4,71.25,0,1
2025-02-19,44,27,6,129.74,0,0
2025-02-19,48,14,6,75.61,1,1
2025-02-19,44,27,3,87.86,0,0
2025-02-19,6,23,2,71.41,0,0
2025-02-20,42,1,0,103.31,0,0
2025-02-20,72,30,6,155.85,0,0
2025-02-20,31,35,1,125.65,0,0
2025-02-20,62,9,4,138.38,0,0
2025-02-20,3,6,3,54.13,0,1
2025-02-21,22,32,1,113.58,0,1
2025-02-21,44,15,0,91.16,0,0
2025-02-21,50,30,5,170.74,0,0
2025-02-21,34,35,5,124.86,0,0
2025-02-21,25,11,5,64.93,0,0
2025-02-22,33,13,1,110.26,0,0
2025-02-22,67,31,2,158.53,0,0
2025-02-22,53,24,4,103.32,0,0
2025-02-22,69,25,2,137.09,0,0
2025-02-22,23,15,6,4.29,0,0
2025-02-23,40,5,6,61.6,0,0
2025-02-23,29,5,6,89.27,0,1
2025-02-23,1,0,1,84.95,0,1
2025-02-23,19,3,2,49.01,0,1
2025-02-23,21,9,3,59.88,0,0
2025-02-24,42,4,4,65.17,0,0
2025-02-24,28,29,2,70.58,0,0
2025-02-24,50,7,4,129.42,0,0
2025-02-24,37,21,4,117.68,0,0
2025-02-24,3,35,0,83.71,0,0
2025-02-25,41,28,2,96.23,0,0
2025-02-25,38,11,4,78.41,0,0
2025-02-25,18,28,1,110.22,1,0
2025-02-25,4,6,6,99.69,0,1
2025-02-25,35,31,6,49.51,0,0
2025-02-26,63,24,3,194.69,0,0
2025-02-26,45,6,3,118.39,0,0
2025-02-26,18,24,2,88.74,0,0
2025-02-26,9,20,1,27.32,0,1
2025-02-26,60,35,2,194.18,1,0
2025-02-27,35,1,7,153.21,1,0
2025-02-27,30,12,0,68.34,0,0
2025-02-27,33,7,4,127.6,0,0
2025-02-27,70,18,1,136.03,0,0
2025-02-27,46,29,3,172.5,0,0
2025-02-28,20,18,2,63.19,0,0
2025-02-28,21,23,2,118.63,0,1
2025-02-28,39,24,7,118.05,0,0
2025-02-28,17,18,7,73.13,0,0
2025-02-28,47,13,5,97.9,0,0
2025-03-01,57,21,4,134.91,0,0
2025-03-01,16,3,1,84.32,0,0
2025-03-01,36,32,6,104.79,0,0
2025-03-01,3,6,5,0,1,1
2025-03-01,42,28,4,93.95,0,0
2025-03-02,34,7,0,149.89,1,0
2025-03-02,66,0,2,173.81,0,0
2025-03-02,44,19,5,119.07,0,0
2025-03-02,4,7,3,41.55,0,1
2025-03-02,0,22,3,64.48,1,1
2025-03-03,58,21,6,101.02,1,0
2025-03-03,29,11,7,66.37,0,0
2025-03-03,4,10,2,43.52,1,0
2025-03-03,19,20,1,72.58,0,0
2025-03-03,30,34,7,123.92,0,0
2025-03-04,65,18,1,134.87,0,0
2025-03-04,46,6,0,100.35,0,0
2025-03-04,17,19,7,113.32,1,0
2025-03-04,29,1,3,85.14,1,1
2025-03-04,43,13,0,101.23,1,0
2025-03-05,53,34,4,118.34,0,0
2025-03-05,57,28,6,124.36,0,0
2025-03-05,16,15,6,78.17,0,1
2025-03-05,59,8,4,165.58,0,0
2025-03-05,36,20,5,102.05,0,1
2025-03-06,33,34,5,116.54,0,0
2025-03-06,63,16,2,146.92,0,0
2025-03-06,46,22,5,123.34,0,0
2025-03-06,61,4,1,128.54,0,0
2025-03-06,39,20,6,141.29,0,0
2025-03-07,4,24,6,31.55,0,1
2025-03-07,12,31,6,90.48,0,0
2025-03-07,69,22,0,115.61,0,0
2025-03-07,21,34,2,112.77,1,0
2025-03-07,25,16,2,95.15,0,1
2025-03-08,49,17,5,100.06,0,1
2025-03-08,16,30,3,65.64,0,0
2025-03-08,8,34,1,109.89,1,0
2025-03-08,14,13,3,73.0,1,1
2025-03-08,60,3,7,187.69,0,0
2025-03-09,4,13,2,64.07,0,1
2025-03-09,3,7,1,51.13,1,0
2025-03-09,16,17,5,79.83,1,0
2025-03-09,39,8,0,60.78,1,0
2025-03-09,1,18,1,60.21,0,0
2025-03-10,17,34,5,139.6,0,0
2025-03-10,53,22,4,103.58,0,0
2025-03-10,48,9,0,152.6,0,0
2025-03-10,46,19,1,90.78,0,0
2025-03-10,65,11,0,125.2,0,0
2025-03-11,27,19,6,100.35,0,1
2025-03-11,71,27,7,177.32,0,0
2025-03-11,63,15,4,123.2,0,0
2025-03-11,54,35,5,123.31,0,0
2025-03-11,58,5,1,141.41,0,0
2025-03-12,23,7,5,137.57,0,0
2025-03-12,61,1,4,124.85,0,0
2025-03-12,50,20,3,104.82,0,0
2025-03-12,30,33,0,139.01,0,0
2025-03-12,15,0,7,53.75,0,1
2025-03-13,32,6,4,73.23,0,0
2025-03-13,12,30,2,86.62,0,0
2025-03-13,8,35,7,91.42,0,0
2025-03-13,38,28,7,102.06,1,0
2025-03-13,27,32,0,118.44,0,0
2025-03-14,54,21,3,110.54,0,0
2025-03-14,14,19,7,30.71,0,1
2025-03-14,2,27,0,75.09,0,0
2025-03-14,28,7,7,99.05,0,1
2025-03-14,56,14,5,101.75,0,0
2025-03-15,46,15,2,110.31,0,0
2025-03-15,24,35,0,90.39,1,0
2025-03-15,71,20,5,154.33,0,0
2025-03-15,36,34,5,154.24,1,0
2025-03-15,65,13,5,178.46,0,0
2025-03-16,38,4,7,125.64,1,1
2025-03-16,33,18,1,78.11,0,0
2025-03-16,17,35,5,70.61,0,0
2025-03-16,4,18,1,64.93,0,0
2025-03-16,20,1,7,103.19,1,1
2025-03-17,1,35,6,22.85,0,1
2025-03-17,54,14,1,125.55,0,0
2025-03-17,46,3,7,114.41,0,1
2025-03-17,38,20,3,78.36,0,0
2025-03-17,43,14,4,165.17,1,0
2025-03-18,7,29,6,33.75,0,1
2025-03-18,56,13,2,132.05,0,0
2025-03-18,55,10,3,111.71,0,0
2025-03-18,0,12,1,37.72,0,1
2025-03-18,11,33,6,110.02,0,0
2025-03-19,63,11,1,152.52,0,0
2025-03-19,62,3,3,155.47,0,0
2025-03-19,37,31,1,79.56,0,0
2025-03-19,34,31,0,140.19,0,0
2025-03-19,21,3,5,90.42,0,1
2025-03-20,57,16,0,124.44,0,0
2025-03-20,62,15,3,115.54,0,0
2025-03-20,7,24,3,52.1,0,0
2025-03-20,61,12,6,188.33,0,0
2025-03-20,57,35,2,110.04,0,0
2025-03-21,24,30,4,101.37,0,0
2025-03-21,8,5,5,31.99,0,1
2025-03-21,9,28,0,100.45,0,0
2025-03-21,50,13,3,121.83,1,0
2025-03-21,24,33,5,62.73,1,1
2025-03-22,55,14,3,103.02,0,0
2025-03-22,51,6,7,148.57,0,0
2025-03-22,47,9,3,88.73,0,0
2025-03-22,15,18,0,59.78,0,1
2025-03-22,64,4,7,195.79,0,0
2025-03-23,34,14,0,120.22,0,0
2025-03-23,72,26,6,168.04,0,0
2025-03-23,20,15,0,98.79,0,0
2025-03-23,55,2,5,126.39,0,0
2025-03-23,71,0,1,165.1,1,0
2025-03-24,14,14,7,100.77,1,1
2025-03-24,1,31,5,97.78,0,0
2025-03-24,43,16,3,128.13,0,0
2025-03-24,56,18,6,160.9,1,0
2025-03-24,71,29,7,145.05,0,0
2025-03-25,65,15,5,168.13,0,0
2025-03-25,4,27,1,63.68,0,0
2025-03-25,65,1,6,154.83,1,0
2025-03-25,69,13,0,143.63,0,0
2025-03-25,15,1,3,55.73,1,1
2025-03-26,51,12,2,126.88,1,0
2025-03-26,44,21,2,115.7,0,0
2025-03-26,15,27,5,86.53,0,0
2025-03-26,41,2,3,154.82,1,0
2025-03-26,10,3,3,70.28,0,0
2025-03-27,29,27,1,84.82,0,0
2025-03-27,51,25,5,123.51,0,0
2025-03-27,25,25,3,124.2,0,0
2025-03-27,41,2,4,117.13,0,1
2025-03-27,9,30,6,98.32,0,0
2025-03-28,71,12,0,155.71,0,0
2025-03-28,13,33,1,39.99,0,0
2025-03-28,19,9,7,87.58,0,0
2025-03-28,6,1,5,102.74,0,1
2025-03-28,69,11,2,132.0,1,0
