listing_date,sqft,bedrooms,age_years,distance_km,school_score,renovated,sale_price
2024-01-01,2017,4,52,10.3,4.6,0,590621.3
2024-01-01,2168,4,19,6.31,4.2,0,671178.28
2024-01-01,3102,5,66,20.09,4.9,1,831953.77
2024-01-02,3077,5,47,16.97,7.5,0,857162.44
2024-01-02,1369,2,11,0.89,9.7,0,558793.56
2024-01-02,2805,5,73,26.15,5.0,0,684967.51
2024-01-03,2445,4,22,27.34,3.8,0,600432.81
2024-01-03,1663,3,39,4.31,9.5,0,581071.76
2024-01-03,2962,4,44,11.72,9.4,0,832011.7
2024-01-04,3107,4,26,17.23,9.1,0,912663.09
2024-01-04,3006,5,55,5.59,8.8,1,910292.62
2024-01-04,2110,4,60,13.99,7.0,0,610405.12
2024-01-05,667,1,7,24.51,6.2,1,291999.98
2024-01-05,3070,5,73,14.79,6.5,0,783098.21
2024-01-05,2592,3,51,11.07,8.9,0,711503.36
2024-01-06,3150,5,82,24.09,9.0,0,834598.81
2024-01-06,774,1,71,24.16,5.4,1,281712.01
2024-01-06,966,2,76,1.48,7.8,0,353176.02
2024-01-07,2332,4,58,18.41,5.0,0,631985.31
2024-01-07,2257,3,35,21.39,5.0,0,647898.35
2024-01-07,1265,1,58,26.09,4.5,0,292440.25
2024-01-08,2016,3,12,15.38,8.1,0,607249.87
2024-01-08,1314,2,49,19.19,8.2,0,417472.91
2024-01-08,2290,4,22,19.54,6.0,0,655422.45
2024-01-09,1269,2,1,1.09,9.5,0,519218.1
2024-01-09,594,1,50,5.12,5.8,1,290313.19
2024-01-09,2888,5,84,10.99,5.7,0,740165.27
2024-01-10,1332,1,6,11.49,4.0,0,427587.36
2024-01-10,1043,2,58,3.27,5.7,0,363626.72
2024-01-10,1670,2,14,15.21,9.4,0,524362.91
2024-01-11,1195,1,30,20.8,7.3,0,362471.87
2024-01-11,1038,2,73,27.28,7.4,0,333185.87
2024-01-11,1566,3,58,14.57,6.6,1,517018.44
2024-01-12,1038,2,25,23.36,5.1,1,355747.13
2024-01-12,567,1,85,26.87,4.1,0,109206.44
2024-01-12,2159,3,40,14.16,7.1,0,648116.32
2024-01-13,2124,3,15,12.88,9.0,0,697283.66
2024-01-13,2166,3,38,1.11,6.0,0,651890.14
2024-01-13,2734,5,58,13.89,6.7,0,759453.48
2024-01-14,2147,4,23,18.44,7.0,0,653848.39
2024-01-14,822,1,58,6.97,5.3,0,276819.74
2024-01-14,2967,5,19,21.4,4.7,0,782568.84
2024-01-15,1275,2,75,7.17,8.6,0,427769.56
2024-01-15,643,1,55,16.95,9.7,0,274678.17
2024-01-15,1090,2,46,20.89,9.6,0,413979.76
2024-01-16,2130,3,70,9.86,6.1,0,602792.58
2024-01-16,3102,4,73,3.49,7.0,0,840397.9
2024-01-16,558,1,36,17.79,9.8,0,314328.71
2024-01-17,659,2,64,11.84,4.3,1,194848.61
2024-01-17,1480,2,33,19.09,6.9,0,462444.86
2024-01-17,1652,3,54,15.35,4.2,0,452942.67
2024-01-18,2279,4,65,1.85,3.9,0,608405.3
2024-01-18,1848,2,15,21.08,4.7,0,496509.95
2024-01-18,1777,3,43,6.32,6.8,0,540743.83
2024-01-19,2602,4,30,15.16,9.0,0,795712.12
2024-01-19,1945,4,62,23.15,7.3,0,552717.8
2024-01-19,3094,4,45,2.93,5.3,0,838651.58
2024-01-20,1898,3,55,20.7,6.3,0,539478.93
2024-01-20,1877,3,30,3.02,3.6,0,559971.81
2024-01-20,2511,4,67,27.39,6.2,0,624276.4
2024-01-21,1338,3,67,25.75,6.2,0,387774.25
2024-01-21,849,1,38,13.27,4.6,0,272389.62
2024-01-21,1014,2,26,20.7,7.6,1,395272.21
2024-01-22,2224,3,69,15.73,6.1,0,611889.15
2024-01-22,874,2,35,10.26,3.6,0,292733.5
2024-01-22,1713,2,53,6.01,8.8,0,563956.15
2024-01-23,897,1,8,5.71,9.4,0,438084.6
2024-01-23,2754,5,71,23.0,6.7,0,698737.08
2024-01-23,3183,4,54,14.61,9.2,0,919144.51
2024-01-24,904,2,40,27.92,4.6,0,236611.33
2024-01-24,1015,2,23,5.93,9.4,0,429477.41
2024-01-24,2943,5,55,11.66,5.6,0,760696.92
2024-01-25,2100,3,45,23.93,6.1,1,604458.81
2024-01-25,1962,4,14,5.21,4.7,0,597793.63
2024-01-25,1747,3,78,15.68,8.9,0,564924.25
2024-01-26,3165,4,71,25.7,5.2,0,772490.54
2024-01-26,640,1,40,13.43,6.2,0,262449.45
2024-01-26,1876,3,52,7.44,4.2,0,557127.97
2024-01-27,1365,3,76,23.83,4.2,0,337759.28
2024-01-27,2799,4,30,18.36,9.7,0,839801.57
2024-01-27,990,2,30,20.07,9.5,1,428785.61
2024-01-28,1565,3,14,22.28,8.3,0,522913.83
2024-01-28,1352,2,80,17.7,4.0,0,332303.17
2024-01-28,1358,3,30,3.96,3.7,0,438593.7
2024-02-01,1853,2,22,10.5,5.7,0,550231.86
2024-02-01,1944,3,62,7.58,8.2,0,629762.13
2024-02-01,2123,4,6,19.63,4.2,0,586287.69
2024-02-02,2846,4,15,12.24,3.6,0,770623.11
2024-02-02,1458,2,47,12.19,4.5,0,411717.31
2024-02-02,2329,4,45,22.93,7.4,0,676624.44
2024-02-03,2091,4,61,7.04,6.2,0,619943.52
2024-02-03,1811,3,76,2.78,5.0,0,477960.24
2024-02-03,2537,4,1,17.46,4.4,0,739198.97
2024-02-04,2877,5,60,14.85,9.1,0,838885.37
2024-02-04,2581,3,12,26.02,5.0,0,699230.48
2024-02-04,1267,2,2,13.69,8.6,0,477052.98
2024-02-05,813,1,8,1.03,3.7,0,289099.39
2024-02-05,1641,3,28,4.29,8.2,0,591914.79
2024-02-05,906,1,17,9.33,8.9,0,415103.56
2024-02-06,2649,4,52,20.7,8.2,0,755314.15
2024-02-06,2363,4,54,25.45,9.1,0,661210.16
2024-02-06,2673,4,41,21.13,7.5,1,793081.94
2024-02-07,2556,3,26,4.22,6.6,1,783843.55
2024-02-07,1714,3,17,9.25,6.3,0,556613.86
2024-02-07,2882,5,11,24.43,7.0,0,789219.95
2024-02-08,1157,2,30,7.67,4.9,0,379779.63
2024-02-08,1825,3,35,25.78,3.9,0,472697.97
2024-02-08,2758,4,50,1.72,6.6,0,810424.52
2024-02-09,1710,2,26,19.34,6.1,0,473338.98
2024-02-09,689,1,26,4.68,8.7,0,357901.04
2024-02-09,1815,3,24,19.16,8.9,0,600063.68
2024-02-10,1566,2,31,8.3,6.6,0,482920.06
2024-02-10,1531,2,32,14.36,7.5,0,534517.12
2024-02-10,1727,3,25,6.85,3.9,0,532900.93
2024-02-11,3089,4,78,26.71,4.9,0,735673.29
2024-02-11,1261,1,48,25.3,6.6,0,371011.57
2024-02-11,909,1,11,9.98,6.3,0,404270.52
2024-02-12,2454,4,41,23.83,4.7,0,633197.08
2024-02-12,885,2,20,20.13,9.7,0,398319.64
2024-02-12,2179,4,15,7.19,5.2,0,661807.93
2024-02-13,2222,4,85,24.58,4.0,1,543729.26
2024-02-13,2110,4,12,9.61,7.3,0,668927.24
2024-02-13,2301,4,28,0.49,9.0,0,697448.8
2024-02-14,1685,2,39,15.97,5.0,0,498684.54
2024-02-14,2833,4,34,3.47,6.0,0,823335.82
2024-02-14,2137,4,56,26.14,5.7,0,544569.76
2024-02-15,1075,2,11,9.85,6.4,0,413772.91
2024-02-15,1864,4,27,7.34,7.7,0,621759.11
2024-02-15,1681,3,67,14.36,7.6,0,466607.52
2024-02-16,1565,3,81,19.61,9.7,0,512266.37
2024-02-16,922,2,63,15.92,6.8,0,318014.98
2024-02-16,3000,5,24,7.14,9.1,0,917754.34
2024-02-17,1435,3,65,7.67,8.9,0,500307.21
2024-02-17,2735,4,67,20.66,5.6,0,691537.02
2024-02-17,751,2,79,1.11,8.4,0,329773.21
2024-02-18,1785,2,30,14.4,8.2,1,577284.23
2024-02-18,1554,3,76,10.39,6.3,0,457644.68
2024-02-18,2638,4,12,9.88,9.7,1,857944.12
2024-02-19,2960,4,24,27.77,9.6,0,841461.84
2024-02-19,1726,3,31,11.62,4.7,1,532833.63
2024-02-19,2677,3,83,1.02,9.3,0,789634.64
2024-02-20,849,2,50,20.45,4.6,0,271230.77
2024-02-20,1023,1,85,20.67,6.6,1,315185.5
2024-02-20,1966,3,84,27.65,8.5,0,554953.09
2024-02-21,725,1,53,7.18,5.3,0,228445.51
2024-02-21,1365,2,60,26.75,7.9,0,381946.66
2024-02-21,734,1,60,8.78,4.3,1,294208.37
2024-02-22,1556,2,7,8.54,6.0,0,536434.54
2024-02-22,1819,3,56,20.97,4.9,1,475986.31
2024-02-22,1178,2,0,8.15,9.1,0,510564.32
2024-02-23,2303,3,23,22.14,5.1,0,611966.02
2024-02-23,780,1,41,12.96,4.7,1,296324.54
2024-02-23,2032,3,55,15.82,3.6,0,489342.87
2024-02-24,1703,2,59,21.77,7.8,0,453466.91
2024-02-24,1092,1,9,16.72,8.6,0,389050.64
2024-02-24,563,1,65,13.03,7.3,0,237361.02
2024-02-25,1016,2,24,26.84,7.0,0,371752.13
2024-02-25,795,1,48,9.98,9.4,0,299571.63
2024-02-25,1884,3,55,22.63,3.8,0,488433.74
2024-02-26,3001,5,70,4.36,7.5,1,840899.95
2024-02-26,1346,3,71,8.26,7.1,0,429895.13
2024-02-26,1465,3,18,26.97,4.8,0,448300.33
2024-02-27,1801,3,54,27.84,7.2,1,555755.9
2024-02-27,2130,4,53,21.65,5.2,0,590582.12
2024-02-27,1325,1,29,13.14,6.3,0,418381.94
2024-02-28,2854,4,72,1.6,7.6,0,809262.59
2024-02-28,970,2,35,17.43,4.9,0,322244.19
2024-02-28,584,1,55,21.49,8.1,0,218459.03
2024-03-01,2795,4,28,2.47,8.5,1,834367.64
2024-03-01,1778,2,32,23.5,5.9,1,529838.0
2024-03-01,1782,2,9,21.38,5.7,0,501126.67
2024-03-02,2005,3,5,7.36,5.5,0,660719.5
2024-03-02,2170,3,48,26.7,5.1,1,580630.9
2024-03-02,772,1,74,12.66,9.4,0,305054.78
2024-03-03,1474,3,80,23.59,6.6,0,401961.57
2024-03-03,731,1,24,13.05,5.0,0,260641.23
2024-03-03,1911,3,54,6.93,6.8,1,601786.83
2024-03-04,1134,1,55,10.38,6.8,0,350351.99
2024-03-04,2339,3,55,26.75,8.8,0,674195.59
2024-03-04,1754,3,72,24.54,4.8,0,451635.7
2024-03-05,2635,4,51,0.27,3.9,1,736664.68
2024-03-05,2405,4,31,4.71,7.4,0,728827.25
2024-03-05,1369,2,16,8.4,5.8,0,443924.33
2024-03-06,1219,2,27,26.48,4.1,0,349257.57
2024-03-06,2668,5,29,16.27,8.4,0,780170.34
2024-03-06,2851,4,67,15.08,9.5,1,843311.69
2024-03-07,3077,4,36,20.14,8.3,0,854936.74
2024-03-07,1149,2,37,23.71,5.3,0,376375.18
2024-03-07,2124,3,62,2.86,6.6,0,628221.99
2024-03-08,865,1,13,26.25,8.4,0,316562.48
2024-03-08,920,1,52,3.39,6.7,0,351772.8
2024-03-08,2508,3,11,10.48,5.0,0,727034.07
2024-03-09,1987,4,70,18.59,8.8,0,597766.01
2024-03-09,2170,3,8,6.96,7.3,0,692238.72
2024-03-09,2007,3,67,23.22,9.5,0,599590.57
2024-03-10,1315,3,27,21.01,4.7,0,393462.94
2024-03-10,558,1,62,17.31,8.4,0,256617.67
2024-03-10,2269,3,17,0.43,7.4,1,760098.71
2024-03-11,2849,5,63,7.54,8.5,0,847646.08
2024-03-11,759,1,35,3.19,7.0,1,366313.69
2024-03-11,1152,1,59,0.67,6.7,0,374639.01
2024-03-12,2641,4,43,17.25,4.0,0,673496.49
2024-03-12,1782,3,17,20.9,6.1,0,534086.47
2024-03-12,1378,2,10,8.0,8.7,0,518874.5
2024-03-13,2206,4,8,7.49,8.5,0,720512.15
2024-03-13,2140,3,58,11.05,7.9,0,633479.43
2024-03-13,2597,5,26,26.5,8.5,0,718351.59
2024-03-14,1231,2,66,8.5,5.5,0,367875.65
2024-03-14,743,1,28,7.34,9.3,0,350100.91
2024-03-14,2377,4,70,12.51,4.4,1,634448.17
2024-03-15,3068,5,72,4.53,9.6,0,898883.77
2024-03-15,1917,2,62,24.97,6.9,0,497577.32
2024-03-15,2196,4,52,11.39,9.2,1,714691.71
2024-03-16,1251,1,70,6.5,6.1,0,364490.06
2024-03-16,3022,5,1,13.53,4.1,0,885776.62
2024-03-16,1459,2,77,16.09,4.5,0,348098.06
2024-03-17,2896,4,16,20.25,6.1,0,820865.91
2024-03-17,3104,5,21,6.04,4.5,0,856419.53
2024-03-17,858,2,5,27.44,7.0,1,356717.93
2024-03-18,841,2,29,22.13,8.0,0,350438.83
2024-03-18,772,2,38,4.41,4.5,0,286797.46
2024-03-18,1746,3,51,17.21,8.4,0,533964.15
2024-03-19,2057,3,58,26.48,9.1,0,621506.11
2024-03-19,1603,2,49,14.21,9.5,0,518449.07
2024-03-19,2066,3,16,25.52,5.8,1,601835.66
2024-03-20,2288,3,60,22.66,8.6,0,639267.82
2024-03-20,879,2,47,1.76,9.5,0,414779.33
2024-03-20,2979,5,48,0.42,3.5,0,788666.35
2024-03-21,3056,5,28,25.59,6.0,0,810331.5
2024-03-21,2429,3,49,9.43,7.2,0,690114.54
2024-03-21,2723,5,16,0.72,4.1,0,781847.63
2024-03-22,1269,1,38,6.02,7.4,0,398239.95
2024-03-22,2123,4,1,2.58,9.2,0,727963.1
2024-03-22,1190,1,26,4.41,7.9,1,442039.85
2024-03-23,1959,2,11,14.24,4.6,0,533728.85
2024-03-23,2985,4,33,12.64,6.5,0,853135.31
2024-03-23,2994,4,55,24.68,4.2,1,783972.44
2024-03-24,979,1,19,7.55,9.5,0,431451.34
2024-03-24,1096,2,77,9.79,5.3,0,342826.05
2024-03-24,867,1,37,15.33,4.3,0,272091.89
2024-03-25,1590,3,6,24.12,7.7,0,529733.72
2024-03-25,744,1,41,21.49,8.8,0,308367.97
2024-03-25,2404,4,46,9.54,9.1,0,730536.62
2024-03-26,1058,2,0,20.1,5.7,0,369219.77
2024-03-26,2090,4,69,14.34,8.7,0,628566.48
2024-03-26,2078,3,14,17.42,5.1,0,616068.73
2024-03-27,2224,4,8,20.64,4.7,0,623523.87
2024-03-27,803,2,30,21.7,7.8,0,321634.22
2024-03-27,3128,5,61,6.06,5.1,0,855225.62
2024-03-28,1395,2,47,0.28,9.5,1,556509.2
2024-03-28,2464,3,64,19.45,9.0,0,671302.74
2024-03-28,1567,2,52,25.87,8.4,0,438284.25
2024-04-01,2151,4,16,22.35,6.0,0,624374.96
2024-04-01,1410,2,47,12.12,4.8,0,438351.29
2024-04-01,558,1,4,23.02,4.0,0,176966.83
2024-04-02,2746,4,83,22.32,7.7,0,672763.03
2024-04-02,604,2,73,12.23,5.4,0,207963.7
2024-04-02,1895,3,58,6.25,3.8,0,509223.72
2024-04-03,2975,4,15,19.05,8.6,0,870267.95
2024-04-03,2084,3,67,7.54,8.5,0,608153.77
2024-04-03,2501,4,29,6.29,7.0,0,740253.78
2024-04-04,1455,2,38,12.12,4.4,0,394900.06
2024-04-04,1357,2,39,20.88,4.3,0,378809.95
2024-04-04,1741,3,3,11.08,6.7,1,601658.29
2024-04-05,1517,3,55,21.46,5.0,0,411337.21
2024-04-05,905,2,5,21.36,3.7,1,352739.09
2024-04-05,563,1,52,24.24,9.3,0,241467.72
2024-04-06,2855,5,78,22.98,8.0,0,775491.91
2024-04-06,781,2,14,6.13,9.3,1,438196.57
2024-04-06,2556,4,79,5.4,9.3,0,727652.41
2024-04-07,1143,1,15,12.23,3.6,0,343417.24
2024-04-07,3179,4,64,25.95,3.9,0,761213.52
2024-04-07,996,2,48,10.34,4.2,0,298141.41
2024-04-08,1041,2,10,11.25,8.8,0,440146.37
2024-04-08,976,1,19,13.62,3.6,0,284964.83
2024-04-08,1997,3,0,27.56,9.3,0,639969.22
2024-04-09,1282,2,66,25.05,8.9,0,364674.55
2024-04-09,998,2,21,10.51,9.0,1,426481.97
2024-04-09,2037,3,14,8.89,4.9,0,603943.51
2024-04-10,2151,4,32,11.88,9.2,0,665533.62
2024-04-10,1737,3,1,5.53,3.7,0,550057.31
2024-04-10,2804,5,50,14.71,6.7,0,738844.32
2024-04-11,1935,2,18,14.99,5.0,0,539219.12
2024-04-11,2110,3,81,25.76,4.1,0,511098.93
2024-04-11,822,2,28,20.36,6.2,0,313258.97
2024-04-12,2563,4,15,14.56,5.7,1,759819.15
2024-04-12,1917,3,25,3.29,4.0,0,580801.53
2024-04-12,2372,4,74,15.13,4.6,0,608322.75
2024-04-13,3091,5,26,2.04,4.7,0,869690.18
2024-04-13,1501,3,49,7.85,7.6,0,520315.65
2024-04-13,2066,3,8,5.05,6.8,0,689524.14
2024-04-14,2706,4,54,17.51,4.1,0,674642.32
2024-04-14,1152,2,48,18.46,6.3,0,411218.75
2024-04-14,990,1,17,7.09,8.9,0,398984.76
2024-04-15,1208,1,43,26.67,8.0,0,338317.06
2024-04-15,1095,1,42,2.39,3.6,0,287827.45
2024-04-15,2137,4,47,14.21,4.1,0,558190.55
2024-04-16,3153,5,36,7.19,6.9,0,889945.07
2024-04-16,682,2,22,10.17,8.3,1,380526.12
2024-04-16,2682,4,85,4.49,4.2,0,650071.22
2024-04-17,826,1,42,8.95,5.3,0,303746.82
2024-04-17,2743,5,61,20.62,7.2,1,797932.07
2024-04-17,1467,3,2,3.19,8.3,0,556116.7
2024-04-18,593,1,24,16.14,5.1,0,238022.77
2024-04-18,1661,3,43,25.72,9.5,1,609492.19
2024-04-18,1499,3,47,24.05,4.9,1,449998.79
2024-04-19,1805,4,59,15.37,3.6,0,492897.02
2024-04-19,2650,5,59,5.94,9.2,0,808639.23
2024-04-19,2475,4,63,16.17,5.3,1,686847.27
2024-04-20,1302,2,2,1.91,4.2,0,405507.56
2024-04-20,1823,2,44,10.44,5.7,0,514726.32
2024-04-20,727,2,38,11.16,3.5,0,227186.22
2024-04-21,2754,5,27,18.58,9.4,0,878286.35
2024-04-21,2152,4,3,7.25,7.8,0,709986.94
2024-04-21,679,1,34,14.32,6.5,0,262733.23
2024-04-22,1905,3,44,24.02,4.8,0,513633.42
2024-04-22,668,2,73,27.72,8.8,0,235718.85
2024-04-22,2935,5,55,4.02,5.4,0,784006.87
2024-04-23,2374,3,72,23.93,9.3,0,650831.9
2024-04-23,1742,2,40,27.08,7.3,0,483878.36
2024-04-23,3018,4,40,0.43,8.4,0,904361.44
2024-04-24,589,1,39,15.42,7.8,0,244486.21
2024-04-24,2307,3,53,15.77,8.7,0,672083.85
2024-04-24,3174,4,74,23.91,8.6,0,828619.04
2024-04-25,2528,4,73,11.96,7.9,0,705610.7
2024-04-25,2754,4,64,9.66,5.8,0,709290.53
2024-04-25,2270,4,40,21.54,4.5,1,637243.48
2024-04-26,2842,5,7,13.4,9.4,1,903762.59
2024-04-26,2930,4,73,8.08,9.8,1,849623.44
2024-04-26,631,2,32,27.37,9.6,0,294481.3
2024-04-27,837,2,78,22.81,3.7,1,224986.22
2024-04-27,702,1,83,11.6,5.0,0,171513.67
2024-04-27,2715,4,23,12.98,4.3,1,756343.8
2024-04-28,2647,4,41,18.03,6.6,0,718303.0
2024-04-28,2544,5,84,26.61,6.0,0,628568.65
2024-04-28,2691,4,28,7.79,6.2,0,749347.36
2024-05-01,1153,1,78,9.89,7.6,0,390435.2
2024-05-01,1802,3,63,22.51,4.8,0,473449.35
2024-05-01,3061,5,30,13.66,7.8,0,880526.08
2024-05-02,1217,3,58,19.73,6.0,0,422604.26
2024-05-02,1759,3,52,6.51,9.7,0,599652.51
2024-05-02,839,1,31,13.97,4.8,0,267294.8
2024-05-03,921,2,46,6.09,9.4,0,389052.05
2024-05-03,1379,2,47,22.01,8.9,0,447674.99
2024-05-03,695,1,59,16.13,9.1,0,281163.25
2024-05-04,575,1,7,15.73,3.7,0,244620.39
2024-05-04,3116,4,19,24.3,3.7,1,842371.04
2024-05-04,2934,5,7,13.61,7.0,1,891307.02
2024-05-05,1463,2,1,3.66,9.1,1,597724.2
2024-05-05,2616,3,23,7.94,9.7,0,815020.01
2024-05-05,2603,4,67,5.21,9.1,0,751588.53
2024-05-06,686,2,79,22.0,4.3,1,185503.66
2024-05-06,2354,4,26,20.74,4.5,0,641178.62
2024-05-06,638,1,55,12.46,8.1,0,320643.44
2024-05-07,2160,3,77,12.31,3.9,0,542891.64
2024-05-07,775,2,7,2.84,8.4,0,366701.88
2024-05-07,2492,3,40,13.07,5.3,0,636496.42
2024-05-08,2069,2,21,22.31,6.9,1,618369.99
2024-05-08,1135,3,12,23.02,7.1,0,413694.75
2024-05-08,1196,2,71,27.31,5.2,0,275955.19
2024-05-09,2436,4,76,22.47,7.6,0,642283.36
2024-05-09,2974,4,1,6.86,4.6,0,855808.22
2024-05-09,2824,4,71,27.57,4.4,0,687957.27
2024-05-10,2645,4,84,24.53,8.0,0,711395.06
2024-05-10,1477,2,4,15.04,7.9,0,521029.13
2024-05-10,959,1,58,1.35,3.9,0,266052.42
2024-05-11,1899,3,80,12.45,9.5,1,611865.23
2024-05-11,1505,3,34,24.51,9.7,0,508613.95
2024-05-11,1931,3,43,9.52,9.1,1,653608.31
2024-05-12,2617,4,57,20.72,8.7,1,791852.07
2024-05-12,2873,4,15,2.75,6.1,0,860787.32
2024-05-12,1455,2,71,18.06,6.6,0,424553.04
2024-05-13,2608,5,50,21.0,5.3,0,695947.41
2024-05-13,1399,3,10,15.56,5.7,0,480210.64
2024-05-13,2588,3,31,12.26,7.4,0,749615.93
2024-05-14,1558,2,84,22.3,9.2,0,434580.87
2024-05-14,1238,1,30,18.02,7.9,0,384433.33
2024-05-14,1255,2,12,21.92,7.3,0,402618.85
2024-05-15,2627,4,26,6.74,9.1,0,817888.59
2024-05-15,3166,4,64,16.73,3.5,0,741826.93
2024-05-15,1131,2,69,23.9,8.2,0,376633.91
2024-05-16,2641,4,20,15.35,7.0,0,746793.82
2024-05-16,2710,5,20,27.16,6.8,0,760051.29
2024-05-16,982,1,16,10.81,8.1,0,398042.68
2024-05-17,1845,3,83,13.4,5.0,0,479824.73
2024-05-17,2696,4,60,14.06,6.9,0,706152.29
2024-05-17,1619,2,18,8.05,8.9,0,543321.93
2024-05-18,2628,3,60,12.99,9.0,0,742751.73
2024-05-18,796,2,40,12.98,4.6,1,306807.65
2024-05-18,2782,5,20,13.95,9.2,0,825712.93
2024-05-19,3159,5,68,21.16,5.4,0,781930.26
2024-05-19,562,1,83,19.21,7.2,0,196461.82
2024-05-19,1799,4,78,21.38,3.7,0,430566.21
2024-05-20,3016,5,82,9.94,9.7,0,879585.08
2024-05-20,1873,3,30,15.46,8.7,0,601500.59
2024-05-20,1954,2,44,17.99,4.8,0,486127.32
2024-05-21,1326,2,66,20.55,7.7,0,408546.24
2024-05-21,1430,1,34,2.76,4.6,0,422364.95
2024-05-21,1183,2,71,21.79,6.2,0,336647.44
2024-05-22,1772,3,47,17.4,4.4,0,471053.82
2024-05-22,1119,2,21,14.09,3.7,0,327233.33
2024-05-22,937,1,22,6.84,7.4,0,371475.62
2024-05-23,1360,1,18,2.05,3.5,0,428182.26
2024-05-23,677,2,4,12.0,3.8,1,311004.42
2024-05-23,708,1,12,17.54,5.8,0,293165.18
2024-05-24,2013,3,6,18.91,4.8,0,586887.02
2024-05-24,2584,3,16,11.94,9.4,0,777529.68
2024-05-24,2010,3,8,16.79,6.7,0,594250.82
2024-05-25,2614,4,53,0.55,9.4,1,839544.39
2024-05-25,2461,3,54,12.26,4.4,0,651187.77
2024-05-25,1332,1,72,1.92,6.1,0,380187.02
2024-05-26,1223,2,25,11.57,5.7,0,418702.32
2024-05-26,897,1,79,27.49,7.2,0,243520.75
2024-05-26,1169,2,65,17.85,9.0,0,429694.99
2024-05-27,2624,3,67,17.08,7.7,0,732745.34
2024-05-27,2148,3,4,24.93,9.4,0,668543.36
2024-05-27,2458,4,54,3.84,6.9,0,726863.6
2024-05-28,1314,2,69,5.75,4.5,0,378216.63
2024-05-28,2669,5,36,21.6,9.8,0,832557.93
2024-05-28,2459,3,83,7.25,5.7,0,628086.72
2024-06-01,3165,5,20,24.97,5.5,0,853694.91
2024-06-01,793,1,63,9.05,8.3,0,330711.66
2024-06-01,2285,3,0,7.65,5.2,0,672177.43
2024-06-02,1308,2,26,3.15,9.3,0,496231.3
2024-06-02,3147,4,7,25.98,6.0,0,829006.95
2024-06-02,995,2,32,21.45,8.6,0,386439.87
2024-06-03,1332,2,68,3.96,8.4,0,463696.83
2024-06-03,2170,3,84,13.33,5.2,0,532679.78
2024-06-03,2159,4,2,6.47,6.7,0,694840.98
2024-06-04,2838,5,54,0.79,8.5,1,893965.69
2024-06-04,2206,3,60,20.78,6.9,0,585643.59
2024-06-04,1234,3,38,0.23,6.6,1,470209.07
2024-06-05,958,2,36,3.16,6.7,0,379766.34
2024-06-05,1779,3,84,16.78,7.6,0,476587.91
2024-06-05,603,1,15,4.14,3.7,0,232636.68
2024-06-06,990,2,45,27.46,5.9,1,328110.67
2024-06-06,2982,5,54,21.23,7.6,0,804580.46
2024-06-06,612,1,81,10.66,9.7,0,260320.59
2024-06-07,1117,2,10,2.8,7.8,0,457667.03
2024-06-07,1666,2,24,7.33,4.3,0,491886.35
2024-06-07,1135,1,6,0.65,8.2,1,511256.18
2024-06-08,1215,1,60,19.8,3.9,0,305323.14
2024-06-08,2797,4,2,10.48,5.5,0,764987.39
2024-06-08,1729,2,12,6.07,4.7,0,523311.22
2024-06-09,1663,3,21,25.88,4.9,0,469591.85
2024-06-09,1606,2,78,15.28,6.0,0,420319.24
2024-06-09,2799,4,14,17.56,9.4,0,817787.31
2024-06-10,2160,3,16,14.87,7.8,0,643885.01
2024-06-10,972,1,53,23.69,7.6,0,313236.87
2024-06-10,1718,2,44,19.71,5.4,0,470326.74
2024-06-11,1642,2,64,0.23,5.5,0,501789.07
2024-06-11,2643,4,0,17.46,5.8,0,775069.82
2024-06-11,3064,4,69,20.15,4.1,0,722011.73
2024-06-12,1321,2,36,17.39,4.4,0,410008.95
2024-06-12,3042,4,55,26.84,7.9,0,805249.51
2024-06-12,2732,3,84,9.23,7.3,0,695325.49
2024-06-13,2957,5,15,22.46,7.0,1,865373.85
2024-06-13,2144,3,61,14.19,5.4,0,551692.85
2024-06-13,2529,5,59,14.18,6.6,0,673720.34
2024-06-14,714,1,49,12.79,8.6,0,329434.79
2024-06-14,1318,2,33,25.76,6.7,0,397808.03
2024-06-14,1995,3,81,14.56,7.4,1,589886.16
2024-06-15,732,1,47,16.63,9.6,0,341563.64
2024-06-15,599,1,78,22.94,7.1,0,175625.92
2024-06-15,980,1,66,2.74,7.8,0,359832.32
2024-06-16,2480,3,36,3.77,8.1,0,745732.71
2024-06-16,2618,3,66,18.16,5.0,0,663257.92
2024-06-16,1183,1,33,21.44,4.6,0,307484.96
2024-06-17,1296,1,80,25.33,8.5,0,365313.59
2024-06-17,2649,4,21,10.78,3.9,0,727279.23
2024-06-17,579,1,1,8.09,8.9,0,321350.21
2024-06-18,1749,3,63,17.89,8.3,0,500733.96
2024-06-18,2126,4,31,11.24,6.9,0,674114.57
2024-06-18,3089,5,16,25.64,5.3,0,817532.53
2024-06-19,2136,4,21,9.24,3.6,0,547240.71
2024-06-19,2636,4,8,15.32,6.3,0,753233.16
2024-06-19,1714,2,11,12.37,9.7,0,588667.68
2024-06-20,2014,4,56,25.52,9.1,0,613032.83
2024-06-20,1666,2,22,21.06,9.4,0,525687.64
2024-06-20,1584,3,63,13.5,4.6,0,432792.93
2024-06-21,2524,3,78,1.83,7.2,1,751700.05
2024-06-21,736,1,2,15.71,5.8,0,285152.74
2024-06-21,3068,4,57,25.42,4.2,0,758052.77
2024-06-22,1326,2,50,17.98,8.5,0,460181.74
2024-06-22,2180,3,49,18.34,8.0,0,647958.03
2024-06-22,2438,4,53,19.26,5.4,0,652355.14
2024-06-23,2166,3,2,23.5,6.9,0,629833.41
2024-06-23,2787,4,32,21.29,8.6,0,810686.68
2024-06-23,2854,5,24,13.03,9.8,0,863233.23
2024-06-24,1083,2,45,13.37,8.7,1,451849.42
2024-06-24,2283,3,84,15.2,3.6,0,526005.13
2024-06-24,2264,4,76,20.19,5.8,1,614938.16
2024-06-25,2810,5,43,15.71,8.3,0,837437.52
2024-06-25,788,2,81,24.56,9.5,0,322019.65
2024-06-25,2347,4,20,16.81,4.9,0,660380.33
2024-06-26,691,2,37,11.14,7.8,1,337793.39
2024-06-26,947,1,14,10.24,8.8,0,415848.75
2024-06-26,2541,3,62,26.84,7.8,0,648447.42
2024-06-27,2213,3,46,14.16,4.5,0,583458.01
2024-06-27,3143,6,11,19.12,7.2,0,927896.4
2024-06-27,2375,4,66,4.07,4.4,0,679198.13
2024-06-28,2084,3,37,24.67,3.7,0,483206.34
2024-06-28,887,1,62,14.15,9.5,0,311934.35
2024-06-28,821,2,33,16.62,6.1,0,304372.43
2024-07-01,634,1,65,19.22,7.7,0,215276.28
2024-07-01,638,1,36,7.15,6.3,0,290210.3
2024-07-01,3056,5,79,10.67,8.8,0,833025.72
2024-07-02,755,2,83,12.14,6.1,0,239706.3
2024-07-02,2443,4,19,21.81,5.1,0,639484.68
2024-07-02,2649,4,31,9.19,5.7,0,749129.93
2024-07-03,2295,3,2,7.6,9.1,0,752211.84
2024-07-03,1445,2,31,20.82,6.3,1,433282.29
2024-07-03,1477,2,69,1.47,9.1,0,521079.91
2024-07-04,1686,2,78,20.36,5.2,0,357083.41
2024-07-04,2418,3,71,1.53,4.7,0,655069.66
2024-07-04,2514,4,36,18.43,9.7,0,730257.76
2024-07-05,2268,4,60,1.9,6.4,0,663027.07
2024-07-05,1753,2,34,9.04,4.6,0,506280.86
2024-07-05,1469,2,2,11.71,9.3,0,514505.79
2024-07-06,993,2,11,8.53,8.3,0,435038.63
2024-07-06,2901,4,45,19.35,5.3,1,800105.91
2024-07-06,790,1,66,1.18,5.0,1,328864.68
2024-07-07,1572,2,85,5.08,4.9,0,406458.53
2024-07-07,2326,4,56,2.9,4.1,1,678768.78
2024-07-07,1636,3,48,26.72,9.2,0,528114.19
2024-07-08,2440,4,81,12.91,6.1,1,674802.17
2024-07-08,2235,4,76,4.15,6.0,0,618913.89
2024-07-08,1739,3,8,11.41,6.6,1,600624.0
2024-07-09,1369,3,73,2.59,9.2,0,514110.98
2024-07-09,1066,2,54,26.4,8.3,0,366002.8
2024-07-09,3174,4,10,5.65,6.8,1,940184.74
2024-07-10,1985,3,81,12.55,5.7,0,504947.39
2024-07-10,656,1,65,10.49,9.5,1,339177.13
2024-07-10,1211,3,68,14.99,7.8,0,408867.73
2024-07-11,978,1,58,3.98,6.3,0,342668.55
2024-07-11,764,1,23,10.09,8.0,0,328916.57
2024-07-11,2317,4,8,16.75,6.5,1,697049.07
2024-07-12,1603,3,76,12.73,3.5,0,424949.48
2024-07-12,2001,3,28,25.3,5.4,0,538238.36
2024-07-12,1701,3,25,7.3,6.4,0,579312.5
2024-07-13,1056,1,5,22.09,9.8,0,420124.16
2024-07-13,2255,4,5,22.31,5.0,0,655482.74
2024-07-13,1653,2,51,9.38,4.7,0,475482.54
2024-07-14,2734,5,16,22.61,6.3,0,782896.1
2024-07-14,757,1,52,11.64,8.5,0,321463.41
2024-07-14,642,2,36,25.57,9.2,0,306917.18
2024-07-15,2434,4,47,4.88,5.0,0,673320.51
2024-07-15,617,1,21,16.96,6.7,0,263410.49
2024-07-15,918,1,11,9.59,3.6,0,259762.05
2024-07-16,2532,4,55,14.1,4.0,0,625348.84
2024-07-16,2798,4,14,6.96,9.3,0,893178.54
2024-07-16,1342,2,74,20.73,7.2,0,389358.85
2024-07-17,1184,1,85,24.18,4.7,0,265539.98
2024-07-17,894,1,85,23.9,5.3,0,223160.82
2024-07-17,2782,4,40,1.19,6.3,0,795912.73
2024-07-18,2683,4,70,14.66,4.1,0,658835.24
2024-07-18,1694,3,74,18.92,4.2,0,381797.44
2024-07-18,2942,5,11,19.35,5.1,0,778042.37
2024-07-19,2911,4,71,20.7,7.3,0,732785.26
2024-07-19,2498,3,25,12.47,7.1,1,751223.65
2024-07-19,2176,3,12,4.05,4.0,1,661657.21
2024-07-20,1606,3,34,14.27,8.4,0,527495.98
2024-07-20,2376,4,6,25.97,6.1,0,639795.92
2024-07-20,1871,4,43,7.66,6.1,0,576265.42
2024-07-21,1214,2,52,5.35,5.0,0,372579.28
2024-07-21,1748,3,5,22.83,8.2,0,571246.2
2024-07-21,1379,2,28,22.65,8.7,0,468766.13
2024-07-22,2555,4,29,18.16,9.7,0,768305.53
2024-07-22,2389,4,45,16.14,5.0,0,643144.53
2024-07-22,2087,3,83,4.2,8.6,0,605420.99
2024-07-23,1370,2,81,17.73,7.6,1,436097.54
2024-07-23,1695,3,48,19.95,8.8,0,535641.52
2024-07-23,923,2,22,11.69,9.0,0,375046.89
2024-07-24,987,1,54,17.54,7.6,1,340468.93
2024-07-24,2226,4,15,12.39,9.2,0,746810.55
2024-07-24,812,2,6,11.5,4.6,0,322898.99
2024-07-25,2170,4,50,27.43,8.6,0,640759.66
2024-07-25,1294,3,46,19.61,7.0,0,416445.79
2024-07-25,3042,5,6,14.93,5.1,0,862056.87
2024-07-26,1475,2,79,14.83,3.5,0,327795.32
2024-07-26,1415,3,81,19.65,6.4,0,405762.5
2024-07-26,1339,2,51,8.97,3.8,0,372728.76
2024-07-27,985,1,43,20.15,5.0,0,254825.95
2024-07-27,1593,2,38,5.85,6.5,0,491535.14
2024-07-27,2664,5,50,26.19,7.9,0,744951.4
2024-07-28,2918,4,27,14.69,4.4,1,788756.54
2024-07-28,2869,4,44,1.36,5.7,0,792148.45
2024-07-28,1354,2,28,16.2,7.2,0,411682.04
2024-08-01,1864,4,66,21.36,5.8,0,470835.77
2024-08-01,630,1,27,0.63,9.4,0,338647.6
2024-08-01,2828,4,13,14.08,9.1,0,868815.65
2024-08-02,1699,2,11,17.26,6.5,1,588164.83
2024-08-02,1498,2,6,23.71,7.4,0,502414.19
2024-08-02,2948,4,65,20.37,4.4,0,704009.01
2024-08-03,1663,3,63,10.2,4.2,0,459785.75
2024-08-03,2895,5,12,15.31,6.4,1,818885.06
2024-08-03,1947,2,30,4.89,7.0,0,577576.87
2024-08-04,1087,1,65,16.94,8.4,0,393676.06
2024-08-04,606,1,55,27.91,4.9,1,174059.45
2024-08-04,1754,3,27,17.64,6.6,0,523669.93
2024-08-05,3122,5,19,20.27,8.2,0,875864.42
2024-08-05,1314,1,36,9.19,8.8,0,421681.53
2024-08-05,1370,2,27,12.42,4.7,0,386716.86
2024-08-06,2242,3,64,18.75,4.2,1,595745.86
2024-08-06,820,2,4,1.06,8.5,0,431931.06
2024-08-06,2440,4,36,8.77,3.7,0,674896.04
2024-08-07,1217,3,29,18.58,6.9,0,391441.7
2024-08-07,2373,3,49,3.26,7.9,1,763346.38
2024-08-07,3049,4,40,3.63,4.8,0,796260.21
2024-08-08,1190,1,12,4.95,9.1,0,486356.72
2024-08-08,3051,5,48,22.23,6.5,0,789171.84
2024-08-08,2964,4,51,2.29,9.2,0,848595.86
2024-08-09,1696,3,10,14.64,5.7,1,579268.59
2024-08-09,1871,3,69,20.49,4.9,0,451637.4
2024-08-09,1917,4,72,11.91,4.2,0,503527.05
2024-08-10,1548,3,22,9.29,9.4,0,573642.63
2024-08-10,3083,5,9,23.77,8.6,0,891619.96
2024-08-10,2872,5,31,6.47,8.4,0,882326.02
2024-08-11,2169,3,60,22.69,8.3,0,579540.38
2024-08-11,1939,4,61,8.06,8.6,0,638791.22
2024-08-11,1346,3,77,21.77,6.3,0,387525.84
2024-08-12,2694,5,5,14.33,4.8,0,819802.12
2024-08-12,1349,2,42,3.03,9.2,0,519474.34
2024-08-12,1079,2,13,3.12,9.2,1,488027.56
2024-08-13,2381,3,74,16.02,6.8,1,675110.72
2024-08-13,921,2,35,12.8,6.5,0,330991.87
2024-08-13,2415,3,9,17.47,8.1,0,717598.43
2024-08-14,1967,2,13,18.8,6.0,1,621122.29
2024-08-14,1960,3,37,10.03,3.9,0,540913.82
2024-08-14,2382,3,62,7.61,9.2,1,726520.46
2024-08-15,2549,5,11,4.76,6.2,0,787531.97
2024-08-15,2869,4,83,15.52,4.5,0,727906.79
2024-08-15,3195,5,36,12.53,4.7,0,826187.1
2024-08-16,1621,2,67,13.49,6.3,0,468571.14
2024-08-16,2501,3,75,23.18,6.9,1,689283.21
2024-08-16,2717,4,25,12.44,4.9,0,740880.96
2024-08-17,2239,4,57,27.65,5.6,0,596101.72
2024-08-17,766,2,79,3.17,8.9,0,349982.53
2024-08-17,1390,2,21,19.37,9.8,0,513095.79
2024-08-18,3105,5,23,18.71,4.5,0,803035.65
2024-08-18,636,1,50,4.16,4.9,0,249893.99
2024-08-18,2131,2,15,23.64,7.5,0,616985.95
2024-08-19,1099,2,10,3.09,8.6,0,501144.61
2024-08-19,2194,3,38,27.42,6.3,0,608291.07
2024-08-19,1595,3,14,9.01,5.6,0,539530.71
2024-08-20,2372,4,19,27.94,8.7,0,696156.21
2024-08-20,598,1,7,17.57,7.5,0,299929.99
2024-08-20,1946,4,13,18.42,6.0,0,603628.71
2024-08-21,2886,5,18,6.06,9.1,1,914594.24
2024-08-21,993,2,33,17.45,8.1,0,373515.16
2024-08-21,650,1,37,4.57,6.0,0,243271.9
2024-08-22,813,1,7,21.44,6.9,1,311543.11
2024-08-22,1627,3,39,18.14,9.8,0,507068.86
2024-08-22,758,1,42,6.42,5.3,0,307621.48
2024-08-23,1916,3,81,10.83,8.4,0,544221.71
2024-08-23,3145,4,67,12.18,5.8,0,798757.98
2024-08-23,1762,2,12,18.68,7.5,0,580704.58
2024-08-24,966,2,69,1.01,8.3,0,353302.28
2024-08-24,2118,3,56,5.07,9.1,0,658688.12
2024-08-24,830,1,77,5.74,8.1,0,284579.94
2024-08-25,2706,3,79,11.23,8.6,0,724563.83
2024-08-25,1125,1,51,18.18,9.8,0,358391.99
2024-08-25,1281,2,53,19.27,7.0,0,363606.92
2024-08-26,2332,3,63,5.36,9.1,0,672799.29
2024-08-26,1558,3,74,20.05,4.1,0,370870.76
2024-08-26,688,1,8,8.75,4.4,0,308643.06
2024-08-27,2095,3,75,19.04,4.0,0,514492.66
2024-08-27,2196,3,72,17.16,6.9,1,618239.23
2024-08-27,3116,4,60,20.23,5.7,0,793891.58
2024-08-28,1394,2,66,5.99,8.4,0,492795.94
2024-08-28,1360,2,43,12.09,8.1,0,469545.66
2024-08-28,2990,4,50,12.82,8.3,0,827283.04
2024-09-01,1689,2,53,23.36,5.2,0,460735.97
2024-09-01,2926,5,35,9.07,8.6,0,850164.87
2024-09-01,1494,2,32,15.12,5.3,0,449488.26
2024-09-02,1947,3,40,5.56,7.3,0,580712.19
2024-09-02,2460,4,9,16.05,3.5,0,668638.76
2024-09-02,2940,5,26,3.14,7.7,0,889521.15
2024-09-03,1839,3,36,27.59,5.7,0,467230.58
2024-09-03,779,1,85,2.19,6.1,0,249112.86
2024-09-03,631,1,5,11.79,7.0,1,335731.61
2024-09-04,2926,4,64,13.05,6.9,0,758501.55
2024-09-04,562,1,11,10.23,6.7,1,323365.81
2024-09-04,1033,2,2,5.34,7.4,1,477932.71
2024-09-05,2516,3,78,20.38,8.3,0,667170.37
2024-09-05,2809,4,6,8.91,7.2,0,840082.09
2024-09-05,3160,5,1,19.65,7.0,0,902541.55
2024-09-06,676,1,77,26.91,4.2,0,158935.07
2024-09-06,977,1,39,15.24,7.0,0,329922.66
2024-09-06,1819,2,71,10.41,7.5,0,516302.73
2024-09-07,2124,4,43,24.55,4.3,0,546732.8
2024-09-07,1222,2,66,21.07,8.8,0,381820.45
2024-09-07,1510,3,61,23.65,9.3,0,475510.58
2024-09-08,2164,4,9,22.17,6.6,0,676361.65
2024-09-08,1440,3,19,1.93,4.9,0,494223.98
2024-09-08,1886,3,35,0.83,5.3,0,553403.35
2024-09-09,2614,4,3,26.06,4.8,1,741968.91
2024-09-09,2627,5,80,19.93,8.0,0,673833.64
2024-09-09,2797,4,15,17.02,4.4,0,738175.21
2024-09-10,2087,3,43,10.67,7.7,0,622890.91
2024-09-10,1792,3,19,1.43,6.6,0,589417.98
2024-09-10,2061,4,56,22.69,3.5,0,544298.92
2024-09-11,2698,4,21,19.03,4.7,1,756352.99
2024-09-11,2657,5,50,6.1,8.2,1,825809.9
2024-09-11,2073,3,85,20.19,6.3,1,559325.7
2024-09-12,2689,4,75,19.4,8.4,0,725481.64
2024-09-12,2143,4,21,20.51,7.2,0,644614.4
2024-09-12,2850,4,48,9.45,9.5,0,827534.44
2024-09-13,961,1,49,7.65,7.0,0,356925.94
2024-09-13,2052,3,22,7.22,5.7,1,626826.14
2024-09-13,2074,3,39,1.03,6.3,0,645295.17
2024-09-14,2388,4,36,7.62,4.6,0,659887.75
2024-09-14,2897,4,84,21.9,9.4,0,790108.69
2024-09-14,2847,4,76,14.91,5.3,0,731980.49
2024-09-15,2101,3,48,25.86,8.1,1,634479.83
2024-09-15,2217,4,33,14.04,6.8,0,688043.45
2024-09-15,713,2,2,8.07,6.8,0,355413.05
2024-09-16,2934,5,70,7.44,5.1,0,769756.65
2024-09-16,1235,3,37,23.56,7.7,0,412949.09
2024-09-16,2593,4,46,12.53,6.8,0,742846.24
2024-09-17,828,1,47,19.49,8.8,0,283330.47
2024-09-17,2235,4,74,14.68,7.0,0,624490.24
2024-09-17,1878,3,85,0.77,8.8,0,580609.78
2024-09-18,3180,6,72,15.19,6.6,0,850005.96
2024-09-18,2066,3,78,20.16,4.3,0,479554.9
2024-09-18,1231,2,12,9.94,9.6,0,512372.17
2024-09-19,1578,3,64,20.53,6.0,0,455430.51
2024-09-19,2100,4,51,20.87,8.8,1,643430.25
2024-09-19,1338,2,24,12.97,9.3,0,513866.4
2024-09-20,1566,2,10,4.38,4.3,0,476606.03
2024-09-20,669,1,19,18.33,9.0,0,277860.93
2024-09-20,2008,3,31,12.59,8.7,0,620892.79
2024-09-21,2545,3,85,3.04,9.0,0,736908.09
2024-09-21,2065,4,16,17.07,5.3,0,596322.43
2024-09-21,899,2,72,22.1,5.0,0,232547.24
2024-09-22,2743,4,9,3.18,5.3,0,787732.2
2024-09-22,1187,1,37,19.92,8.4,0,341864.17
2024-09-22,1693,2,68,20.36,5.2,0,418801.86
2024-09-23,1740,2,65,25.42,4.2,1,453552.04
2024-09-23,2969,5,49,10.28,4.4,0,834023.52
2024-09-23,2269,3,30,7.68,6.6,1,719901.79
2024-09-24,2143,4,35,21.88,7.2,0,630001.15
2024-09-24,1512,3,3,21.03,9.2,0,513234.25
2024-09-24,1494,2,4,13.03,3.9,0,427366.47
2024-09-25,939,1,68,10.13,6.6,0,272718.62
2024-09-25,1778,3,64,14.03,6.8,1,563490.47
2024-09-25,2574,5,75,11.67,5.4,0,675133.14
2024-09-26,2057,4,54,10.02,5.5,0,585983.68
2024-09-26,2400,4,26,15.99,9.6,0,755629.56
2024-09-26,3008,5,3,20.41,4.7,0,805964.23
2024-09-27,1380,2,7,14.66,5.0,1,469122.84
2024-09-27,1168,2,27,18.38,6.0,0,369206.77
2024-09-27,1218,2,65,16.06,7.9,0,395975.02
2024-09-28,2791,4,4,7.64,7.1,0,826218.21
2024-09-28,2295,4,12,7.03,8.3,1,782488.1
2024-09-28,744,1,43,8.65,7.8,0,276984.58
2024-10-01,2427,4,14,2.12,6.4,0,742828.06
2024-10-01,2890,4,12,8.92,6.9,0,830499.7
2024-10-01,1021,1,9,3.41,7.8,0,403228.82
2024-10-02,1250,1,58,19.67,7.4,0,370342.98
2024-10-02,604,1,7,1.69,6.0,1,362799.71
2024-10-02,2766,5,62,25.19,7.0,1,746911.32
2024-10-03,1401,3,13,10.2,6.6,0,512541.94
2024-10-03,2991,5,61,13.46,6.6,0,803285.0
2024-10-03,2985,5,34,2.5,5.8,0,849401.8
2024-10-04,1298,2,15,22.34,4.2,1,414404.49
2024-10-04,2483,4,79,24.57,6.1,0,639928.99
2024-10-04,1300,1,32,7.07,6.4,0,454593.11
2024-10-05,1325,2,64,27.31,3.9,0,313689.84
2024-10-05,2496,4,28,23.48,6.2,0,699061.21
2024-10-05,1441,3,84,21.67,8.7,0,448565.02
2024-10-06,859,1,19,13.51,6.1,0,316452.04
2024-10-06,650,2,16,17.38,6.8,0,334022.44
2024-10-06,1898,3,8,6.67,6.6,1,656198.82
2024-10-07,2451,3,68,14.96,6.8,0,622389.55
2024-10-07,785,2,25,24.59,9.3,0,338419.74
2024-10-07,2071,3,22,19.73,7.3,1,659565.04
2024-10-08,2100,2,24,15.58,7.2,0,599104.66
2024-10-08,1338,1,50,18.99,7.6,0,380521.1
2024-10-08,3136,5,79,22.35,6.8,1,811514.43
2024-10-09,2037,3,70,18.91,8.7,0,595170.73
2024-10-09,3009,4,50,1.48,7.1,0,785784.93
2024-10-09,703,1,52,4.18,5.0,0,263980.16
2024-10-10,1178,1,23,25.3,7.5,0,379863.62
2024-10-10,3178,4,54,17.93,8.9,0,914516.35
2024-10-10,980,1,23,12.39,6.1,0,371749.45
2024-10-11,1425,2,71,3.29,8.3,0,436191.12
2024-10-11,1087,2,42,18.19,6.7,0,358113.36
2024-10-11,1661,3,3,24.47,4.4,0,500563.52
2024-10-12,559,1,9,23.31,6.1,0,230663.06
2024-10-12,1720,3,74,8.01,9.7,0,546053.76
2024-10-12,847,1,73,9.68,5.8,0,245890.97
2024-10-13,2855,5,6,1.67,9.3,0,908560.43
2024-10-13,920,1,47,5.7,9.1,0,400253.95
2024-10-13,2784,4,49,24.75,6.4,0,714571.06
2024-10-14,1593,3,9,2.31,8.2,0,600278.81
2024-10-14,2337,4,20,1.77,9.1,0,750556.89
2024-10-14,1061,2,15,3.02,7.4,1,475248.28
2024-10-15,1468,2,63,0.82,7.9,0,486305.56
2024-10-15,1001,1,53,16.11,9.6,1,389583.2
2024-10-15,3070,5,52,24.24,3.5,0,770020.48
2024-10-16,3171,5,81,14.47,5.7,0,819008.05
2024-10-16,2471,4,44,7.1,7.5,1,758505.76
2024-10-16,1437,3,77,12.77,8.8,0,477013.76
2024-10-17,2457,4,23,0.85,3.9,0,714648.36
2024-10-17,1146,2,9,13.19,8.5,0,460974.44
2024-10-17,2185,3,59,17.41,8.2,0,620052.42
2024-10-18,862,1,37,19.48,9.0,1,397642.95
2024-10-18,1251,2,82,17.24,5.4,0,332072.13
2024-10-18,3137,4,38,26.81,5.7,0,799949.2
2024-10-19,2182,4,18,26.43,5.2,0,634344.08
2024-10-19,659,1,67,19.14,9.7,1,316483.95
2024-10-19,2938,4,42,10.37,8.1,0,814421.14
2024-10-20,2027,2,80,5.94,5.9,0,555540.24
2024-10-20,1750,3,32,15.49,9.8,0,612213.56
2024-10-20,3129,5,31,0.94,5.7,0,880059.04
2024-10-21,772,1,78,21.99,6.8,0,217061.5
2024-10-21,1749,2,14,21.29,8.0,1,578003.72
2024-10-21,1214,2,83,1.09,7.2,1,456887.79
2024-10-22,1812,4,54,5.96,9.5,0,624676.02
2024-10-22,2363,3,29,14.71,8.7,0,717740.87
2024-10-22,2217,4,25,11.6,7.7,0,651658.72
2024-10-23,1929,2,48,16.11,9.8,0,564203.99
2024-10-23,2533,4,5,19.54,4.3,0,694019.35
2024-10-23,2891,5,1,26.56,7.7,0,863635.36
2024-10-24,3200,4,71,23.89,7.5,0,832929.08
2024-10-24,792,1,13,2.09,6.9,0,383623.66
2024-10-24,2696,4,38,24.22,8.5,1,782556.98
2024-10-25,1940,2,68,20.43,9.0,0,572259.92
2024-10-25,2945,4,75,6.64,7.7,0,777320.78
2024-10-25,1903,4,72,4.29,5.3,0,585769.47
2024-10-26,734,1,10,18.12,9.5,0,354136.77
2024-10-26,3131,5,77,5.25,3.5,0,792469.45
2024-10-26,3105,5,1,24.64,6.5,1,894190.81
2024-10-27,1017,2,24,8.11,3.6,0,319801.68
2024-10-27,2459,3,74,13.68,8.9,0,682720.68
2024-10-27,977,2,52,24.2,8.7,0,322343.26
2024-10-28,3054,4,53,1.96,8.1,0,886574.13
2024-10-28,1144,2,51,21.56,6.9,0,358593.71
2024-10-28,2462,5,26,26.44,5.6,0,667542.31
2024-11-01,1915,3,43,22.59,9.2,0,598639.83
2024-11-01,2631,5,71,21.04,9.0,0,740580.71
2024-11-01,2907,4,30,2.09,6.1,0,813853.62
2024-11-02,2469,4,13,15.85,7.8,0,736169.65
2024-11-02,1840,2,12,14.59,8.7,1,625352.76
2024-11-02,897,2,70,26.77,5.4,1,283713.89
2024-11-03,1664,2,30,12.94,9.0,0,550025.66
2024-11-03,2364,4,58,7.29,8.6,0,718026.05
2024-11-03,564,2,63,22.23,5.6,0,195963.28
2024-11-04,1899,3,52,25.84,6.4,0,534385.35
2024-11-04,680,1,20,14.84,6.4,0,305050.8
2024-11-04,644,1,57,25.21,7.7,0,198431.14
2024-11-05,1696,3,30,2.11,4.5,0,522864.45
2024-11-05,3044,5,74,19.46,6.3,0,780320.17
2024-11-05,3073,5,41,9.63,6.4,1,898102.06
2024-11-06,3026,5,83,9.05,5.7,0,763150.0
2024-11-06,3140,5,36,22.4,7.9,1,918997.9
2024-11-06,1894,3,34,16.36,6.5,0,558765.09
2024-11-07,1615,2,71,24.88,4.6,0,379713.5
2024-11-07,1492,3,71,3.08,6.8,1,507266.6
2024-11-07,1275,2,59,18.25,3.8,0,314263.95
2024-11-08,1205,2,29,12.71,3.7,0,348225.07
2024-11-08,793,1,13,25.31,7.5,0,325917.55
2024-11-08,2801,5,76,23.89,9.7,0,740578.07
2024-11-09,2414,3,83,26.07,8.0,0,648374.4
2024-11-09,1738,3,34,7.46,5.1,0,504212.99
2024-11-09,2160,3,85,18.9,9.7,0,620421.05
2024-11-10,2698,4,55,24.58,7.6,0,725435.39
2024-11-10,2909,5,52,15.63,6.0,0,778816.02
2024-11-10,2728,4,7,21.46,5.3,0,739969.75
2024-11-11,1938,3,10,21.96,9.7,0,642804.07
2024-11-11,773,2,29,18.08,3.9,1,313211.31
2024-11-11,2676,4,75,23.87,5.8,0,662517.55
2024-11-12,937,1,83,1.16,4.9,1,327221.68
2024-11-12,1162,2,11,2.62,4.3,1,438309.03
2024-11-12,1411,2,36,6.32,8.6,0,524922.88
2024-11-13,1979,2,80,27.24,8.6,0,516118.41
2024-11-13,1413,3,69,2.04,6.8,0,452873.78
2024-11-13,2812,5,64,10.85,9.2,0,842331.82
2024-11-14,2089,4,69,20.55,8.5,0,591735.31
2024-11-14,2230,3,43,10.58,8.4,1,696850.84
2024-11-14,1811,3,54,26.01,6.0,0,490576.56
2024-11-15,754,2,49,11.79,7.2,0,316583.01
2024-11-15,2988,5,31,17.05,8.3,1,897014.1
2024-11-15,2998,5,31,25.33,8.2,0,833468.68
2024-11-16,2323,4,66,5.93,6.0,0,657264.68
2024-11-16,995,1,67,21.56,6.6,0,298379.18
2024-11-16,1964,3,37,10.42,7.3,0,608830.17
2024-11-17,1120,2,11,16.03,8.5,0,416793.25
2024-11-17,1871,3,18,13.98,8.6,0,635773.72
2024-11-17,737,2,23,22.76,7.4,0,362681.43
2024-11-18,1757,3,60,0.78,6.3,0,529957.79
2024-11-18,1085,1,26,8.41,5.7,0,377138.62
2024-11-18,950,2,56,18.07,3.8,0,266240.86
2024-11-19,2809,4,20,8.22,7.7,1,840220.31
2024-11-19,2770,5,61,25.4,7.3,0,744695.91
2024-11-19,3063,4,21,21.99,8.3,0,835782.5
2024-11-20,593,1,6,13.73,4.8,0,249952.15
2024-11-20,1427,3,53,22.16,8.5,0,449164.74
2024-11-20,1272,1,37,25.76,9.1,1,448252.36
2024-11-21,1400,2,13,23.88,5.1,0,406830.11
2024-11-21,843,1,16,27.92,6.9,0,281208.34
2024-11-21,2500,4,18,16.54,6.9,1,778274.02
2024-11-22,826,2,69,0.92,7.5,0,351793.94
2024-11-22,737,1,68,23.08,8.1,0,272932.39
2024-11-22,1290,2,38,8.53,7.5,0,446259.07
2024-11-23,587,1,7,21.59,4.3,0,182697.5
2024-11-23,1306,2,48,16.19,3.7,0,342427.64
2024-11-23,1005,1,73,1.61,7.9,0,333513.93
2024-11-24,2323,4,36,23.28,9.4,1,725781.31
2024-11-24,2283,4,23,18.31,7.6,0,685223.59
2024-11-24,2420,4,0,7.25,5.0,0,725480.55
2024-11-25,2918,4,81,5.32,5.2,1,796369.24
2024-11-25,1560,3,79,27.02,9.2,0,454938.65
2024-11-25,1223,1,28,16.04,6.3,0,377873.15
2024-11-26,1542,2,43,20.92,5.2,1,467721.74
2024-11-26,2403,4,4,10.93,5.4,0,717289.78
2024-11-26,946,2,49,19.99,9.6,0,362682.04
2024-11-27,796,1,18,19.48,4.3,0,282359.01
2024-11-27,2699,4,13,15.93,3.7,1,775733.16
2024-11-27,1862,3,11,11.49,8.4,0,622700.79
2024-11-28,2693,5,44,24.98,4.9,0,740690.35
2024-11-28,2953,5,63,4.45,6.5,1,831931.16
2024-11-28,1076,2,8,2.25,8.1,0,451130.27
2024-12-01,841,1,72,9.59,9.7,0,330654.01
2024-12-01,1871,2,84,12.47,6.0,1,509085.89
2024-12-01,1945,3,67,22.3,4.5,0,489429.94
2024-12-02,1524,2,39,12.8,9.0,1,536440.6
2024-12-02,733,2,17,14.69,6.9,0,307212.62
2024-12-02,2107,4,69,9.61,8.9,0,669148.09
2024-12-03,3065,5,37,8.99,5.9,0,883798.61
2024-12-03,1849,3,42,12.42,3.5,0,478418.6
2024-12-03,1248,1,40,8.78,7.4,1,436806.5
2024-12-04,2568,3,46,7.48,9.1,1,780065.13
2024-12-04,2998,5,68,5.73,6.4,0,842553.85
2024-12-04,553,1,23,2.2,6.7,0,318818.52
2024-12-05,1867,3,9,16.86,5.2,0,572272.45
2024-12-05,2061,3,55,15.26,5.9,0,559985.59
2024-12-05,2358,4,66,2.72,5.3,0,658436.17
2024-12-06,1669,3,3,21.03,4.6,0,513992.86
2024-12-06,2265,4,75,13.24,9.2,0,696260.99
2024-12-06,2925,4,33,12.77,4.4,0,748231.43
2024-12-07,2019,3,15,14.31,5.3,0,602883.66
2024-12-07,2908,4,40,2.47,4.3,0,768951.45
2024-12-07,3137,5,13,20.3,4.0,0,815017.3
2024-12-08,641,1,79,22.25,9.1,0,220448.57
2024-12-08,2238,3,1,24.21,5.4,0,617294.87
2024-12-08,2473,3,66,16.76,7.7,0,668570.92
2024-12-09,1628,3,85,20.04,6.8,0,424360.06
2024-12-09,1539,3,46,1.81,9.0,1,557328.63
2024-12-09,908,1,48,2.48,6.7,0,376091.93
2024-12-10,2174,4,52,10.07,6.3,0,635808.08
2024-12-10,2381,4,67,22.07,4.6,0,593890.08
2024-12-10,2933,4,6,18.85,9.2,0,875963.38
2024-12-11,1223,3,34,23.32,9.7,1,459028.85
2024-12-11,1748,2,44,21.65,7.8,0,494384.43
2024-12-11,2690,4,57,2.61,4.2,0,724660.77
2024-12-12,2275,4,46,2.31,6.6,0,678547.03
2024-12-12,2135,4,56,6.43,9.6,0,690606.15
2024-12-12,1873,3,15,22.65,7.3,0,582949.24
2024-12-13,2728,4,34,24.94,5.5,0,738838.85
2024-12-13,740,1,7,27.05,9.2,0,325772.55
2024-12-13,2906,4,19,20.64,3.7,0,750627.95
2024-12-14,2324,3,14,1.45,5.5,0,718937.69
2024-12-14,2989,4,84,4.11,3.7,0,708576.11
2024-12-14,2219,3,19,26.22,7.8,0,654163.04
2024-12-15,873,1,8,4.56,7.2,0,368912.27
2024-12-15,1073,1,79,20.64,5.1,0,256401.19
2024-12-15,1347,2,10,2.9,9.1,0,495648.98
2024-12-16,1601,3,0,8.94,6.5,0,527808.02
2024-12-16,985,1,43,24.54,9.1,0,352055.28
2024-12-16,2321,4,20,25.22,7.7,0,676435.04
2024-12-17,1781,2,61,16.98,6.0,1,505659.18
2024-12-17,2120,4,6,23.08,7.8,0,657311.7
2024-12-17,3023,5,53,17.83,3.9,0,764385.61
2024-12-18,1564,3,48,14.32,5.9,1,485800.67
2024-12-18,960,1,32,21.91,6.4,0,330812.04
2024-12-18,2137,3,1,26.08,4.7,1,636992.11
2024-12-19,3184,5,40,1.06,4.1,0,844000.41
2024-12-19,1986,3,2,18.05,9.3,0,658781.51
2024-12-19,1241,2,12,1.21,5.2,0,438583.55
2024-12-20,1310,3,14,18.68,4.3,0,408866.31
2024-12-20,2568,4,17,4.74,6.6,0,752739.17
2024-12-20,1419,2,82,14.66,7.3,0,370129.08
2024-12-21,1876,3,21,6.06,9.2,0,656546.95
2024-12-21,1828,3,59,2.21,8.4,0,576129.37
2024-12-21,2992,4,74,1.53,8.3,0,814859.59
2024-12-22,2717,4,67,19.7,5.5,0,674725.15
2024-12-22,3059,4,36,17.33,8.2,0,858601.24
2024-12-22,2635,4,81,15.91,4.1,0,655428.0
2024-12-23,1012,1,22,23.16,4.1,0,293825.97
2024-12-23,3133,5,74,6.66,5.7,1,882121.55
2024-12-23,886,1,61,26.75,7.2,0,290277.52
2024-12-24,1137,2,82,10.19,7.4,0,371124.21
2024-12-24,1091,2,11,18.3,8.5,0,430448.79
2024-12-24,1768,3,26,3.55,4.2,0,523056.84
2024-12-25,2806,4,82,10.49,5.8,0,749896.19
2024-12-25,2345,4,48,8.41,4.1,0,636011.61
2024-12-25,636,1,49,4.57,8.8,1,340222.66
2024-12-26,2044,3,11,25.64,5.4,0,586395.09
2024-12-26,1537,2,17,1.16,6.4,0,537461.8
2024-12-26,694,1,75,12.9,5.4,0,234093.32
2024-12-27,1804,2,20,5.93,6.0,0,557299.91
2024-12-27,1189,2,33,7.37,5.6,0,440795.89
2024-12-27,1043,1,44,22.42,3.6,1,300197.98
2024-12-28,1435,2,6,17.83,7.3,1,510845.7
2024-12-28,1156,2,74,3.32,8.1,0,388768.54
2024-12-28,1270,3,51,8.5,8.1,0,442301.78
2025-01-01,1278,2,25,24.97,4.7,0,397059.9
2025-01-01,1926,2,40,23.25,7.9,0,558461.8
2025-01-01,2663,3,65,7.08,4.8,0,657285.97
2025-01-02,891,2,7,12.37,4.2,0,354461.89
2025-01-02,2621,4,65,16.76,9.6,0,727783.54
2025-01-02,775,1,68,24.7,9.5,0,263106.42
2025-01-03,2245,3,44,20.81,5.7,0,575072.89
2025-01-03,2282,3,5,4.99,8.8,0,713619.3
2025-01-03,1817,3,37,16.8,3.8,0,487960.2
2025-01-04,3061,5,2,16.1,6.9,0,862719.59
2025-01-04,2841,5,46,16.9,4.5,0,735263.9
2025-01-04,1248,2,41,27.25,3.9,0,315769.68
2025-01-05,3108,4,31,19.46,5.0,0,791507.53
2025-01-05,3064,4,25,13.47,3.6,0,780987.18
2025-01-05,2786,5,1,20.37,4.4,0,792772.59
2025-01-06,2518,4,60,8.09,8.4,0,761303.37
2025-01-06,2120,3,78,27.12,4.1,0,511657.36
2025-01-06,1886,3,30,7.38,6.5,0,573814.57
2025-01-07,2369,4,1,3.65,8.9,0,825124.31
2025-01-07,2714,5,14,18.57,9.7,1,878449.14
2025-01-07,1957,3,83,11.43,9.4,0,606168.08
2025-01-08,2169,4,15,12.72,4.8,0,625609.99
2025-01-08,2345,3,22,2.41,3.6,0,657001.86
2025-01-08,2947,5,53,23.79,8.2,0,831532.65
2025-01-09,2428,4,17,6.95,7.5,0,739789.09
2025-01-09,2266,3,57,19.59,4.4,0,555425.57
2025-01-09,569,1,33,4.79,3.6,0,243366.25
2025-01-10,3087,5,10,0.99,7.4,1,987320.98
2025-01-10,967,2,24,18.41,7.3,1,391881.87
2025-01-10,3193,5,0,4.2,6.3,0,911141.68
2025-01-11,1419,3,30,18.82,8.1,0,478288.08
2025-01-11,2849,5,65,20.13,8.6,0,788311.19
2025-01-11,2497,4,8,21.44,7.5,0,740181.74
2025-01-12,998,1,44,5.16,7.6,0,374409.35
2025-01-12,1479,3,38,8.39,3.7,0,426649.05
2025-01-12,1389,3,67,0.67,8.8,0,474807.72
2025-01-13,695,1,34,20.74,7.2,0,292619.27
2025-01-13,1807,2,73,14.94,8.7,0,536956.08
2025-01-13,2756,4,35,10.64,7.4,1,820070.12
2025-01-14,2505,4,23,17.65,9.2,0,748522.98
2025-01-14,595,1,35,7.24,9.6,0,330504.48
2025-01-14,2824,5,33,16.71,6.6,0,759507.5
2025-01-15,2755,5,6,7.18,8.9,0,862747.71
2025-01-15,2753,4,55,24.45,7.4,0,760914.42
2025-01-15,1781,2,24,21.48,9.3,0,528059.0
2025-01-16,2115,3,39,9.01,8.6,0,665518.64
2025-01-16,1482,2,57,20.96,5.6,0,393580.4
2025-01-16,905,2,22,0.74,9.2,1,459060.58
2025-01-17,1447,3,14,12.03,5.5,1,520278.12
2025-01-17,2051,3,50,16.93,9.2,0,647802.2
2025-01-17,1472,3,29,24.44,5.4,0,439317.27
2025-01-18,1301,2,38,21.01,6.4,0,413428.52
2025-01-18,1425,1,1,13.21,4.5,0,410916.26
2025-01-18,2655,4,58,7.77,4.0,1,738417.4
2025-01-19,1463,2,0,11.26,7.4,0,505929.16
2025-01-19,683,1,70,2.88,8.8,0,274323.83
2025-01-19,1862,4,45,2.36,6.2,0,581603.48
2025-01-20,1280,1,35,15.38,5.3,0,380585.15
2025-01-20,2811,5,72,12.15,4.7,0,744015.84
2025-01-20,2774,4,40,25.95,4.6,0,710017.74
2025-01-21,2172,3,69,17.73,5.8,1,613095.58
2025-01-21,641,1,41,19.52,5.3,1,261754.28
2025-01-21,1598,3,38,27.4,5.6,0,455472.47
2025-01-22,813,1,37,8.65,9.5,0,376023.53
2025-01-22,789,1,59,23.92,7.1,0,268197.03
2025-01-22,2534,3,4,3.71,7.1,1,812906.06
2025-01-23,1331,2,31,15.03,8.8,0,448976.34
2025-01-23,1008,1,80,19.82,5.4,1,264608.35
2025-01-23,2560,3,11,1.5,7.7,0,808640.65
2025-01-24,2371,4,2,7.87,5.7,1,741025.88
2025-01-24,3042,5,41,2.22,8.7,1,900109.66
2025-01-24,667,1,18,20.71,4.8,0,234224.4
2025-01-25,1515,2,41,18.22,4.9,0,425630.27
2025-01-25,2273,3,50,6.09,8.3,0,705510.14
2025-01-25,2185,4,31,20.83,4.2,0,614326.39
2025-01-26,561,1,56,13.46,9.2,0,273047.28
2025-01-26,2401,4,67,11.85,8.9,0,718320.04
2025-01-26,660,1,45,2.35,6.2,0,314450.09
2025-01-27,958,2,74,24.57,9.8,1,368253.74
2025-01-27,1127,2,40,22.2,4.4,0,305550.29
2025-01-27,1251,3,6,7.68,7.4,0,520871.79
2025-01-28,2416,3,84,16.82,5.3,0,573460.45
2025-01-28,1167,1,70,0.98,5.8,0,344794.47
2025-01-28,2841,5,30,12.08,4.6,1,793890.08
2025-02-01,635,2,75,7.31,4.6,0,198071.6
2025-02-01,1664,3,35,4.48,7.2,0,583807.81
2025-02-01,1460,2,67,15.95,4.7,0,396392.89
2025-02-02,2251,4,40,8.86,5.5,1,694271.89
2025-02-02,1389,3,60,11.44,4.0,0,398114.21
2025-02-02,2309,4,79,1.39,6.7,0,668777.85
2025-02-03,1191,2,43,6.74,5.9,0,379153.88
2025-02-03,709,1,35,10.51,7.2,0,289989.07
2025-02-03,1524,3,26,23.5,9.1,0,502649.85
2025-02-04,3177,5,35,13.78,6.7,0,882898.45
2025-02-04,1631,3,74,23.12,4.7,0,404564.21
2025-02-04,2250,3,71,23.59,8.3,1,643559.12
2025-02-05,584,1,35,4.32,4.5,0,238627.88
2025-02-05,1620,3,34,5.25,8.7,1,588115.68
2025-02-05,1987,3,84,16.42,8.5,0,558635.6
2025-02-06,1648,2,21,5.0,4.5,0,488830.02
2025-02-06,2273,4,32,3.59,7.0,0,709564.73
2025-02-06,1645,2,56,11.35,8.7,0,531269.37
2025-02-07,737,1,18,24.48,7.0,0,256255.54
2025-02-07,1270,2,76,6.15,8.0,0,455977.66
2025-02-07,707,1,68,8.06,9.6,0,295702.1
2025-02-08,2868,4,5,24.54,4.8,0,777968.11
2025-02-08,2550,4,12,9.62,9.1,0,812609.6
2025-02-08,1855,2,26,12.22,6.3,0,578459.13
2025-02-09,943,1,6,24.16,3.8,0,278155.61
2025-02-09,597,1,42,2.21,3.7,0,199922.86
2025-02-09,582,1,71,4.79,4.6,0,225418.95
2025-02-10,3109,4,43,19.15,5.2,0,799310.6
2025-02-10,1122,2,84,17.23,8.8,0,352625.62
2025-02-10,2716,5,58,13.21,7.7,0,792187.25
2025-02-11,1940,3,67,21.31,8.5,0,541932.42
2025-02-11,1500,3,79,9.23,9.2,0,527058.38
2025-02-11,2112,3,42,18.76,4.9,0,557285.21
2025-02-12,1768,2,21,17.43,4.8,0,495724.43
2025-02-12,1606,3,8,25.05,5.6,0,521240.54
2025-02-12,1319,2,45,3.8,8.8,0,448885.36
2025-02-13,3005,5,66,26.0,6.5,0,761904.81
2025-02-13,2231,3,26,18.65,7.9,0,652275.88
2025-02-13,2608,4,45,13.84,7.7,0,766640.01
2025-02-14,2652,4,62,3.72,9.1,0,775172.16
2025-02-14,2070,4,4,18.42,4.4,0,605259.02
2025-02-14,1776,3,0,18.62,6.1,0,563540.21
2025-02-15,579,1,54,27.68,4.0,0,155171.61
2025-02-15,2506,4,53,10.06,5.2,0,705119.5
2025-02-15,2342,3,11,21.51,3.8,0,618073.26
2025-02-16,1782,2,10,8.09,8.4,0,617951.91
2025-02-16,3151,5,28,8.13,7.2,0,894392.1
2025-02-16,2029,3,10,24.97,9.4,0,642575.58
2025-02-17,3169,4,29,27.87,8.9,0,853856.06
2025-02-17,1455,2,80,8.61,7.8,0,447787.44
2025-02-17,867,1,9,13.8,8.4,0,368797.65
2025-02-18,3037,5,1,20.85,8.6,0,898049.87
2025-02-18,2829,4,60,7.78,4.5,0,747771.0
2025-02-18,2043,3,3,11.49,8.5,0,680656.66
2025-02-19,1638,3,26,22.07,6.3,0,503767.54
2025-02-19,2079,4,65,1.99,8.5,0,659895.81
2025-02-19,2585,4,63,8.43,4.9,0,666931.23
2025-02-20,1812,2,40,19.52,9.4,0,546751.0
2025-02-20,2243,3,26,26.3,6.1,0,603189.91
2025-02-20,1232,2,30,26.77,7.8,0,433669.82
2025-02-21,2697,4,76,12.18,5.2,0,737687.48
2025-02-21,565,1,54,0.39,7.1,0,287030.62
2025-02-21,2564,4,64,14.88,8.3,0,678325.48
2025-02-22,1007,1,85,21.88,4.0,1,252981.81
2025-02-22,1552,3,45,19.45,9.2,0,512587.93
2025-02-22,2443,4,13,8.72,9.6,0,813685.92
2025-02-23,1421,2,53,19.37,4.1,0,394659.06
2025-02-23,2714,5,84,7.27,6.2,1,778738.1
2025-02-23,880,2,23,4.25,7.7,0,353774.48
2025-02-24,797,2,84,4.47,7.7,0,287867.77
2025-02-24,697,1,23,8.13,4.7,1,270082.9
2025-02-24,1092,1,81,24.91,5.8,0,275270.78
2025-02-25,1902,4,72,22.73,7.1,0,533381.73
2025-02-25,956,1,78,7.59,3.9,0,236761.98
2025-02-25,3187,6,21,14.47,4.6,0,851431.15
2025-02-26,1444,2,61,3.49,6.7,0,459463.01
2025-02-26,2862,4,31,26.81,8.4,0,783218.14
2025-02-26,2844,5,71,13.26,8.3,0,792387.58
2025-02-27,1288,2,20,24.71,3.5,0,350228.34
2025-02-27,2556,4,81,3.7,4.6,1,724549.03
2025-02-27,1751,3,5,26.2,5.4,0,531785.06
2025-02-28,3081,5,9,21.02,9.3,0,892503.91
2025-02-28,1703,3,29,26.12,5.6,0,500308.42
2025-02-28,1402,2,16,7.0,8.2,0,539523.34
2025-03-01,1944,3,73,25.15,5.1,0,474409.92
2025-03-01,612,1,51,20.71,6.6,0,233956.5
2025-03-01,2724,3,36,10.78,7.9,0,770297.54
2025-03-02,1033,2,28,6.31,5.0,0,372502.74
2025-03-02,2262,3,55,9.05,8.1,0,700509.16
2025-03-02,2084,3,10,4.86,6.8,0,655537.53
2025-03-03,3092,5,83,24.25,8.3,1,831760.84
2025-03-03,2192,3,61,12.1,5.1,0,619528.12
2025-03-03,2986,5,33,17.32,5.7,0,793745.95
2025-03-04,1885,3,47,2.06,8.2,0,606096.31
2025-03-04,720,1,0,25.46,6.5,0,295880.14
2025-03-04,887,1,49,13.89,9.7,0,348451.85
2025-03-05,1104,2,68,2.19,7.4,0,374552.96
2025-03-05,1372,1,85,15.0,8.4,0,378059.46
2025-03-05,2359,3,67,15.22,8.4,0,690643.37
2025-03-06,620,1,83,12.42,6.2,0,188765.63
2025-03-06,2582,5,13,22.68,7.6,0,767223.22
2025-03-06,1332,2,50,4.36,7.4,0,415593.87
2025-03-07,2246,4,40,15.27,6.7,0,653000.34
2025-03-07,1642,3,30,20.14,4.2,0,504687.46
2025-03-07,2088,3,85,0.64,6.3,0,604958.79
2025-03-08,3052,4,1,13.24,6.5,0,892281.42
2025-03-08,2404,4,19,14.77,5.2,0,692774.79
2025-03-08,3150,6,76,7.07,4.9,0,834153.77
2025-03-09,758,2,20,25.33,6.1,1,331593.45
2025-03-09,2601,4,64,13.37,3.6,0,670589.39
2025-03-09,2299,3,55,21.53,8.5,0,631776.11
2025-03-10,686,1,39,1.56,5.5,1,315182.91
2025-03-10,1919,3,61,11.34,6.4,0,545270.16
2025-03-10,1728,3,73,25.04,9.6,0,527702.55
2025-03-11,1279,2,39,4.98,7.6,0,483111.32
2025-03-11,684,1,42,27.27,7.4,0,265292.91
2025-03-11,2288,4,64,18.83,9.7,0,676741.5
2025-03-12,2449,3,81,14.48,8.6,0,682272.96
2025-03-12,2983,5,11,16.22,4.5,0,823392.02
2025-03-12,787,1,62,7.13,6.0,0,261180.57
2025-03-13,2823,4,64,24.0,3.9,0,672799.91
2025-03-13,964,2,7,4.32,5.5,0,392210.55
2025-03-13,1800,2,49,10.75,6.5,0,509357.24
2025-03-14,3006,5,1,27.58,5.9,1,870649.38
2025-03-14,2919,4,78,21.76,9.5,0,845945.81
2025-03-14,2012,3,85,10.63,7.8,1,598445.22
2025-03-15,1855,4,85,23.7,6.9,0,493273.32
2025-03-15,2745,5,76,15.83,5.3,0,705879.7
2025-03-15,2374,4,84,12.93,4.5,0,620482.6
2025-03-16,2621,5,6,14.34,3.7,0,739914.24
2025-03-16,2471,3,34,10.01,5.5,1,745251.19
2025-03-16,1521,3,4,23.74,9.2,0,521649.56
2025-03-17,3056,4,78,27.85,4.1,0,687705.92
2025-03-17,2928,5,19,24.03,5.0,0,768489.62
2025-03-17,2063,3,82,18.8,7.3,0,576215.08
2025-03-18,731,2,21,12.41,8.1,0,331133.97
2025-03-18,3134,5,72,7.63,4.6,1,856160.8
2025-03-18,2654,4,46,18.71,8.4,0,758935.36
2025-03-19,2923,5,84,0.63,6.9,1,843547.83
2025-03-19,1464,2,75,25.19,9.2,0,464599.35
2025-03-19,2252,3,19,7.77,7.6,0,699042.74
2025-03-20,1485,2,55,23.29,7.4,0,434002.39
2025-03-20,2949,5,42,16.96,3.6,0,728060.85
2025-03-20,772,2,68,25.29,9.3,0,294458.7
2025-03-21,1028,1,79,16.33,6.2,0,269220.93
2025-03-21,967,2,63,12.23,8.1,0,352444.83
2025-03-21,3071,5,6,5.57,5.6,0,874729.22
2025-03-22,3040,5,57,15.04,6.3,0,812427.91
2025-03-22,3053,4,39,4.25,4.9,0,833844.62
2025-03-22,1268,1,28,19.22,7.6,0,399821.31
2025-03-23,2409,4,27,21.03,7.4,0,697537.01
2025-03-23,1241,2,45,6.82,9.2,0,492223.01
2025-03-23,2469,4,51,0.61,5.7,0,681042.31
2025-03-24,1055,2,70,27.57,9.6,0,337809.88
2025-03-24,2873,4,78,21.03,7.6,0,748928.88
2025-03-24,888,1,25,4.17,9.4,0,406287.13
2025-03-25,1059,1,57,24.98,8.3,1,368345.84
2025-03-25,741,1,38,27.56,9.8,0,293545.8
2025-03-25,2537,4,42,6.67,7.2,0,727843.26
2025-03-26,3013,4,9,24.87,3.8,0,782060.3
2025-03-26,1270,2,8,27.79,3.9,0,378851.74
2025-03-26,1156,2,73,11.19,8.5,0,375739.17
2025-03-27,2092,3,19,25.82,5.9,0,591542.38
2025-03-27,2899,5,38,2.72,5.2,0,831951.83
2025-03-27,746,1,53,13.34,3.8,0,228399.59
2025-03-28,2544,4,44,10.97,7.3,0,736695.89
2025-03-28,1611,2,5,15.17,9.8,0,573552.16
2025-03-28,1892,2,15,8.02,7.4,0,588514.12
2025-04-01,1729,2,34,4.56,4.8,0,508157.0
2025-04-01,2022,4,21,14.84,3.6,0,556663.11
2025-04-01,1526,2,45,27.1,5.3,1,472699.95
2025-04-02,2216,3,27,24.86,5.2,0,551063.64
2025-04-02,1037,1,78,2.46,8.4,0,373920.99
2025-04-02,2775,4,78,26.27,4.1,0,642100.46
2025-04-03,3040,4,38,27.62,8.9,0,821880.87
2025-04-03,1528,2,60,25.35,9.3,0,448696.39
2025-04-03,2932,5,73,13.93,6.1,0,779812.1
2025-04-04,2735,5,60,16.92,4.3,0,690298.34
2025-04-04,696,2,8,22.66,9.5,1,406083.87
2025-04-04,1212,1,72,12.42,3.6,1,326865.11
2025-04-05,1654,2,13,18.85,3.6,0,443663.56
2025-04-05,1833,3,32,11.86,7.6,1,578403.51
2025-04-05,1591,2,36,20.83,6.1,0,434644.03
2025-04-06,2082,3,20,16.12,8.1,0,648682.71
2025-04-06,2126,4,62,12.02,7.6,0,649255.32
2025-04-06,1324,2,8,8.1,4.1,0,402088.0
2025-04-07,2027,3,53,26.23,7.2,0,545875.54
2025-04-07,1926,3,21,21.21,5.3,0,589364.27
2025-04-07,1138,1,46,9.57,4.8,0,339523.18
2025-04-08,1594,3,49,23.78,9.0,0,493238.05
2025-04-08,1056,2,41,14.82,9.1,0,410798.2
2025-04-08,2606,5,48,13.47,9.1,0,801566.95
2025-04-09,2146,3,49,8.83,4.0,0,601805.47
2025-04-09,1673,3,15,20.55,8.8,0,530402.58
2025-04-09,2664,4,8,27.61,5.9,1,738470.68
2025-04-10,2374,4,49,18.19,9.2,0,671305.72
2025-04-10,1312,3,37,12.27,8.7,0,459609.9
2025-04-10,1415,1,46,13.85,8.7,0,431312.61
2025-04-11,1330,2,17,3.88,6.3,0,464866.31
2025-04-11,3129,4,76,27.63,8.1,0,799050.25
2025-04-11,1404,2,65,15.92,7.7,1,430140.54
2025-04-12,2680,4,44,18.86,5.2,0,696676.18
2025-04-12,2086,4,51,2.91,9.5,0,679315.84
2025-04-12,2924,5,28,1.35,3.6,0,807519.3
2025-04-13,1059,2,84,16.45,5.6,0,327635.71
2025-04-13,735,1,58,23.41,6.7,0,244282.27
2025-04-13,641,1,29,22.58,9.6,0,308780.3
2025-04-14,1338,3,20,26.98,5.5,1,442944.28
2025-04-14,2253,4,64,1.55,8.9,0,698969.6
2025-04-14,887,2,78,13.83,9.1,1,382989.49
2025-04-15,2704,5,84,0.58,5.3,0,750122.76
2025-04-15,789,1,56,6.75,4.2,0,249394.75
2025-04-15,2941,4,83,22.15,8.8,0,780913.65
2025-04-16,1793,4,80,6.71,7.2,0,544182.75
2025-04-16,2752,4,5,18.3,9.5,0,838531.89
2025-04-16,1976,3,62,19.0,6.0,0,537288.47
2025-04-17,2813,5,44,10.43,4.2,0,759577.25
2025-04-17,3098,4,54,26.84,9.0,0,854675.78
2025-04-17,1917,3,56,2.28,8.1,0,577965.04
2025-04-18,2575,4,64,2.9,8.6,0,772556.16
2025-04-18,2264,4,29,1.6,4.9,0,716854.79
2025-04-18,1347,1,3,1.79,9.0,0,467762.85
2025-04-19,762,2,29,22.13,5.0,0,272273.67
2025-04-19,2860,5,82,25.09,7.5,0,765326.97
2025-04-19,3012,5,17,12.96,4.6,0,793205.64
2025-04-20,2785,5,31,23.21,4.6,0,732844.37
2025-04-20,2948,4,76,22.58,8.7,0,775982.73
2025-04-20,1030,1,58,24.86,4.9,0,279991.0
2025-04-21,2862,5,34,18.87,8.8,0,808912.89
2025-04-21,876,2,57,18.78,6.6,0,305280.98
2025-04-21,577,1,36,12.71,8.6,0,280021.44
2025-04-22,673,1,62,18.65,9.5,0,298860.21
2025-04-22,2632,3,10,16.05,4.8,0,733862.64
2025-04-22,2043,2,0,11.17,4.1,0,537995.3
2025-04-23,1871,3,67,7.5,4.5,0,493877.84
2025-04-23,1986,3,72,6.9,9.4,0,639204.71
2025-04-23,2450,4,23,17.37,3.7,0,669511.56
2025-04-24,634,2,50,14.23,8.2,0,275877.26
2025-04-24,2441,4,28,18.57,6.5,0,714254.05
2025-04-24,3053,4,27,16.48,4.0,0,816024.37
2025-04-25,2363,4,71,11.21,6.5,0,673853.1
2025-04-25,716,1,7,22.51,6.8,0,305962.22
2025-04-25,1857,3,61,25.62,6.1,0,474579.95
2025-04-26,2137,3,13,15.16,6.6,0,671528.72
2025-04-26,2003,4,21,0.45,8.9,0,673747.61
2025-04-26,2913,5,11,3.66,9.7,0,885077.49
2025-04-27,2602,4,5,3.7,8.7,0,814315.34
2025-04-27,853,1,27,14.05,6.7,0,273653.42
2025-04-27,1175,1,3,26.92,7.2,0,374982.32
2025-04-28,1761,2,40,18.67,9.2,0,559710.45
2025-04-28,1448,2,81,8.52,8.1,0,440437.41
2025-04-28,2293,3,63,5.44,8.6,0,670958.6
2025-05-01,3111,5,10,16.84,9.0,0,919477.0
2025-05-01,2892,4,2,18.78,7.7,0,821206.11
2025-05-01,1864,3,57,25.52,5.3,1,489836.04
2025-05-02,3078,5,7,8.34,8.7,0,966554.78
2025-05-02,885,1,85,21.76,8.9,0,268073.15
2025-05-02,2022,4,11,27.96,3.8,0,534956.63
2025-05-03,1358,2,13,21.44,4.7,1,467221.41
2025-05-03,800,2,42,15.81,8.7,0,284349.94
2025-05-03,3162,5,40,16.68,6.6,0,883076.36
2025-05-04,1320,2,19,26.33,4.9,0,383300.79
2025-05-04,1071,2,59,5.95,6.3,1,382713.49
2025-05-04,1918,3,51,1.27,7.1,0,606611.55
2025-05-05,1573,2,61,0.66,7.2,0,509806.06
2025-05-05,2739,5,39,10.08,4.3,0,770016.85
2025-05-05,1259,2,34,7.64,7.5,0,456157.55
2025-05-06,2269,3,82,11.53,8.8,0,663666.15
2025-05-06,967,2,43,25.42,5.7,0,313079.52
2025-05-06,994,1,37,6.59,5.7,0,354929.12
2025-05-07,2880,5,29,26.61,6.2,0,774173.11
2025-05-07,2275,3,48,1.63,8.0,0,697062.46
2025-05-07,3073,5,82,7.34,5.3,1,820001.24
2025-05-08,1379,3,65,3.89,4.0,1,433288.26
2025-05-08,1600,3,7,1.73,7.9,0,613743.1
2025-05-08,2613,5,62,18.07,5.3,0,634325.8
2025-05-09,684,2,79,4.2,6.0,0,257234.71
2025-05-09,2256,3,58,9.83,7.0,0,667895.68
2025-05-09,2154,4,85,5.99,4.5,1,583933.85
2025-05-10,1485,2,54,15.88,7.2,0,472798.62
2025-05-10,1861,2,52,15.06,4.1,1,483506.84
2025-05-10,2476,4,16,18.9,5.4,0,699398.84
2025-05-11,2914,5,76,15.13,9.7,0,838168.57
2025-05-11,1227,1,67,10.42,9.1,1,435857.13
2025-05-11,1436,2,48,25.75,5.7,1,439198.32
2025-05-12,2752,4,62,5.55,8.5,0,800896.69
2025-05-12,1719,3,32,7.75,3.6,0,436595.36
2025-05-12,1035,2,38,8.95,9.6,0,450546.78
2025-05-13,2067,3,51,18.53,8.9,0,624413.79
2025-05-13,633,1,43,19.9,9.5,0,297854.31
2025-05-13,900,1,38,12.52,6.8,1,370508.22
2025-05-14,1685,2,46,23.49,4.8,0,426720.55
2025-05-14,1945,3,30,19.74,6.5,0,571537.75
2025-05-14,1043,1,79,9.17,6.0,0,312142.65
2025-05-15,2640,5,83,23.26,9.1,0,734122.83
2025-05-15,2192,3,64,4.05,7.3,0,630150.09
2025-05-15,1495,2,68,11.01,9.6,0,491748.31
2025-05-16,980,1,25,0.92,6.7,0,384897.87
2025-05-16,1526,2,39,6.9,5.0,0,448587.83
2025-05-16,1109,1,74,22.7,8.1,0,339674.02
2025-05-17,3165,5,74,25.22,6.1,0,781423.19
2025-05-17,2541,5,3,1.98,9.1,0,879541.46
2025-05-17,944,2,4,15.93,4.9,1,391829.67
2025-05-18,718,2,15,13.04,9.4,0,388586.81
2025-05-18,1823,2,0,21.03,8.2,0,596810.7
2025-05-18,1084,1,7,24.82,5.7,0,369700.58
2025-05-19,836,1,51,8.56,9.6,1,407778.91
2025-05-19,2259,3,60,19.17,8.4,0,659526.08
2025-05-19,2115,4,12,17.36,8.1,1,716600.15
2025-05-20,2050,3,14,17.67,6.3,0,581761.23
2025-05-20,2128,3,73,18.22,9.3,0,609425.51
2025-05-20,1988,3,61,22.27,9.8,0,617242.93
2025-05-21,636,1,16,2.45,9.2,0,370685.81
2025-05-21,1093,2,52,23.19,5.7,0,287216.09
2025-05-21,711,1,9,11.03,8.2,0,343456.11
2025-05-22,3115,5,58,23.61,5.0,1,793063.25
2025-05-22,928,2,56,9.21,4.4,0,285237.64
2025-05-22,1337,3,42,24.46,3.8,1,407135.57
2025-05-23,684,1,27,16.74,8.5,0,265280.74
2025-05-23,2571,3,4,13.15,6.8,0,759136.27
2025-05-23,1165,2,60,8.91,4.2,0,326635.46
2025-05-24,1285,3,60,11.62,5.7,0,400326.55
2025-05-24,1359,3,26,24.54,6.5,0,437354.48
2025-05-24,1967,3,77,24.43,7.9,0,533298.69
2025-05-25,2660,3,13,16.96,5.3,0,715443.2
2025-05-25,3151,5,33,13.91,6.0,0,883528.96
2025-05-25,2479,4,15,21.0,9.2,1,784427.4
2025-05-26,2321,4,37,15.27,8.2,1,720139.2
2025-05-26,3114,5,23,26.5,7.1,0,822845.72
2025-05-26,2045,4,21,17.65,8.9,0,677918.0
2025-05-27,2752,5,80,19.79,8.7,0,736887.73
2025-05-27,2031,3,33,6.3,6.7,0,616065.9
2025-05-27,960,2,3,20.69,4.9,0,343655.8
2025-05-28,1445,2,10,15.44,5.5,0,467704.31
2025-05-28,1269,3,77,11.05,5.2,0,346084.52
2025-05-28,2052,4,29,18.55,8.3,0,650913.96
2025-06-01,681,1,40,17.87,4.6,0,214088.02
2025-06-01,2702,5,47,22.14,5.8,0,717345.55
2025-06-01,2406,4,7,27.82,4.5,0,662519.57
2025-06-02,3042,5,72,26.94,7.5,0,799296.7
2025-06-02,2317,3,21,16.91,8.5,0,714814.82
2025-06-02,829,2,39,25.79,7.2,0,288372.43
2025-06-03,2190,3,7,21.37,9.1,0,710188.74
2025-06-03,891,1,77,10.9,6.7,0,287917.22
2025-06-03,1788,3,8,27.93,3.6,1,529711.54
2025-06-04,2521,3,21,2.2,4.9,1,759049.38
2025-06-04,1112,1,35,0.53,4.4,0,370670.74
2025-06-04,1925,3,62,0.68,6.0,0,548844.79
2025-06-05,1976,4,75,27.83,6.3,0,523437.27
2025-06-05,1064,2,79,27.67,6.5,0,279067.89
2025-06-05,2522,3,46,11.99,5.3,0,688718.66
2025-06-06,2171,4,64,5.98,5.7,0,610741.28
2025-06-06,1845,3,30,8.86,5.4,0,532206.55
2025-06-06,2981,4,21,26.96,8.2,0,814201.04
2025-06-07,2818,4,44,2.95,6.1,0,758343.74
2025-06-07,1055,2,1,10.16,9.3,0,493155.37
2025-06-07,1691,2,20,16.98,9.0,0,565136.03
2025-06-08,3114,5,10,10.1,4.3,0,845959.34
2025-06-08,3189,6,37,0.2,7.4,0,927787.32
2025-06-08,3024,5,33,8.78,8.9,0,913871.28
2025-06-09,773,1,13,15.11,9.5,0,359475.17
2025-06-09,2374,4,40,14.63,5.9,1,720819.19
2025-06-09,715,1,16,21.92,9.2,0,334541.26
2025-06-10,2541,4,45,4.82,4.7,0,709757.13
2025-06-10,2647,4,9,9.84,4.1,1,757040.93
2025-06-10,798,2,66,4.18,5.6,0,309725.86
2025-06-11,1094,2,46,0.32,7.3,0,390275.82
2025-06-11,2116,3,62,26.96,4.8,0,529124.83
2025-06-11,2396,3,54,24.17,9.8,0,692165.78
2025-06-12,562,1,60,8.31,4.0,0,175822.58
2025-06-12,3057,4,28,14.97,7.6,0,859120.05
2025-06-12,2566,4,73,23.18,7.9,0,691134.54
2025-06-13,1193,1,69,9.3,5.1,1,358626.06
2025-06-13,2690,4,69,11.02,8.8,0,775993.36
2025-06-13,1435,2,0,10.19,7.3,0,467118.2
2025-06-14,1678,3,67,15.67,7.5,0,510803.8
2025-06-14,1436,3,25,21.06,4.2,0,444803.04
2025-06-14,951,1,46,14.45,8.4,0,359786.36
2025-06-15,621,1,26,14.1,4.4,0,219769.67
2025-06-15,1113,1,47,2.07,7.4,0,394119.41
2025-06-15,2463,4,81,16.7,5.4,0,611561.79
2025-06-16,2143,3,56,22.03,7.0,0,565710.03
2025-06-16,1393,2,51,10.61,4.6,0,394404.15
2025-06-16,765,1,35,26.83,5.8,0,245096.89
2025-06-17,2141,3,75,14.51,8.3,0,605799.77
2025-06-17,1703,2,71,19.85,8.0,1,524224.3
2025-06-17,2506,3,22,22.92,3.6,0,636131.56
2025-06-18,1638,3,17,5.96,5.6,0,569039.12
2025-06-18,873,1,83,4.45,9.6,0,326780.31
2025-06-18,1650,2,77,22.74,8.1,0,469661.55
2025-06-19,962,1,62,1.31,9.8,0,391648.52
2025-06-19,2646,4,8,25.36,4.0,0,670603.0
2025-06-19,2742,5,32,16.12,5.8,0,757976.87
2025-06-20,567,1,0,5.9,9.1,0,363832.1
2025-06-20,1180,2,5,8.22,4.2,0,421256.07
2025-06-20,2913,4,11,15.4,8.8,0,873357.21
2025-06-21,1400,3,36,12.69,7.6,1,519756.04
2025-06-21,1327,1,83,16.37,7.3,0,360897.58
2025-06-21,1759,2,43,14.5,8.5,0,573468.35
2025-06-22,1440,2,82,23.59,3.9,0,339841.12
2025-06-22,2461,4,80,25.88,6.0,1,655905.64
2025-06-22,2328,4,22,7.87,6.2,0,695253.84
2025-06-23,699,2,44,19.16,9.5,1,353555.29
2025-06-23,559,1,39,17.81,6.2,0,273116.44
2025-06-23,3088,5,35,14.6,4.9,0,827040.55
2025-06-24,743,2,29,25.57,8.0,0,330044.7
2025-06-24,1037,1,4,1.78,4.6,0,359108.56
2025-06-24,643,1,8,22.2,8.0,1,321496.6
2025-06-25,1951,2,5,14.6,5.5,0,564450.37
2025-06-25,1765,3,55,15.69,6.2,1,537968.32
2025-06-25,823,2,3,8.94,5.6,0,346596.08
2025-06-26,2888,5,43,26.97,7.0,1,784607.73
2025-06-26,1429,2,48,22.33,7.6,0,440084.88
2025-06-26,966,1,65,24.65,4.0,0,248757.73
2025-06-27,2273,4,39,2.81,4.4,0,666930.22
2025-06-27,1518,3,28,7.96,3.7,0,470858.41
2025-06-27,1582,3,1,7.51,6.0,1,579028.99
2025-06-28,967,2,65,7.82,8.0,0,364940.9
2025-06-28,2492,4,75,8.67,6.8,1,730521.29
2025-06-28,2378,4,48,4.37,3.9,0,671259.54
2025-07-01,2289,3,68,26.55,6.3,1,622258.52
2025-07-01,1093,2,54,26.42,6.0,0,310159.96
2025-07-01,1322,2,51,19.36,7.0,0,414103.13
2025-07-02,574,1,16,11.49,4.4,0,216893.32
2025-07-02,1018,1,34,15.34,6.8,0,330690.76
2025-07-02,2032,3,32,24.81,9.4,1,650833.3
2025-07-03,1342,2,28,19.22,6.6,1,444500.71
2025-07-03,2890,4,53,18.08,6.7,0,766302.22
2025-07-03,1646,2,61,6.21,6.1,0,454055.97
2025-07-04,1643,2,72,25.55,7.2,0,466197.7
2025-07-04,718,1,45,18.64,6.9,1,326035.42
2025-07-04,2998,5,25,3.75,9.6,1,983319.95
2025-07-05,2736,5,84,0.29,6.0,0,779565.64
2025-07-05,2978,4,48,11.04,4.9,0,802448.34
2025-07-05,928,1,82,6.64,7.0,1,321654.83
2025-07-06,2992,5,52,15.04,6.7,1,836593.1
2025-07-06,890,1,23,25.86,6.1,0,287038.74
2025-07-06,3158,5,68,1.53,7.2,0,835028.6
2025-07-07,1897,3,19,23.5,9.7,0,584147.91
2025-07-07,1353,2,69,6.83,7.5,0,459915.74
2025-07-07,1695,2,35,14.78,6.1,0,505786.58
2025-07-08,1868,3,81,7.79,8.7,0,565726.44
2025-07-08,2489,3,13,18.95,4.7,0,657764.68
2025-07-08,1988,3,52,15.63,7.1,0,559854.62
2025-07-09,2182,3,50,21.69,6.8,0,621658.93
2025-07-09,2368,3,47,11.22,5.3,0,646169.47
2025-07-09,927,1,49,27.68,9.4,1,345204.43
2025-07-10,1471,3,81,14.79,6.4,0,437286.03
2025-07-10,1894,3,76,3.28,8.6,0,572272.56
2025-07-10,1163,2,41,14.6,4.7,0,364991.62
2025-07-11,2522,4,76,5.8,7.0,0,685580.37
2025-07-11,747,1,35,3.37,4.3,0,250995.97
2025-07-11,2535,4,75,12.15,7.4,0,699836.98
2025-07-12,640,1,54,1.34,5.9,0,286841.93
2025-07-12,1036,1,12,20.93,4.6,0,357654.07
2025-07-12,2177,3,65,22.55,6.0,0,536021.63
2025-07-13,818,2,3,17.36,9.2,1,426805.49
2025-07-13,1952,3,28,17.59,5.7,1,601280.72
2025-07-13,2235,4,0,19.66,9.3,0,738532.07
2025-07-14,3049,5,76,13.29,7.7,0,845529.51
2025-07-14,2570,5,28,1.4,7.2,0,784617.84
2025-07-14,1133,1,9,23.74,8.5,0,387647.88
2025-07-15,3197,5,51,20.75,7.5,0,847443.4
2025-07-15,2172,3,48,24.8,9.0,0,618534.59
2025-07-15,1288,2,84,26.9,8.0,0,339101.74
2025-07-16,1627,2,39,3.31,3.8,0,471487.15
2025-07-16,2752,5,76,1.58,6.5,0,753935.97
2025-07-16,2906,5,64,16.51,3.7,0,734222.62
2025-07-17,1021,2,77,0.23,9.1,0,401083.67
2025-07-17,892,2,5,1.36,4.8,0,345796.64
2025-07-17,2944,4,67,0.81,4.2,0,784323.36
2025-07-18,2665,5,8,10.16,5.9,0,789101.25
2025-07-18,647,1,63,25.35,8.7,0,278643.94
2025-07-18,3013,5,79,0.73,9.5,0,886541.56
2025-07-19,2676,4,83,25.33,9.3,0,745256.88
2025-07-19,2436,3,13,26.44,4.6,0,638261.82
2025-07-19,1114,2,30,4.74,4.3,0,397840.62
2025-07-20,1074,2,66,15.06,5.8,0,304207.84
2025-07-20,3070,5,10,18.17,5.5,0,821255.08
2025-07-20,2606,5,45,16.6,4.6,0,688869.82
2025-07-21,1595,2,24,27.48,7.2,0,454445.41
2025-07-21,2813,4,19,22.32,6.4,1,816826.05
2025-07-21,697,1,81,23.07,9.5,1,269584.28
2025-07-22,1323,2,17,14.47,4.3,0,433498.43
2025-07-22,1758,2,21,9.08,6.6,1,589520.59
2025-07-22,2314,3,82,15.6,8.6,0,647552.01
2025-07-23,2934,4,55,14.16,7.5,0,816395.99
2025-07-23,1707,2,1,5.14,6.0,0,547963.29
2025-07-23,811,1,75,12.73,8.8,0,305527.0
2025-07-24,2303,4,78,12.29,7.3,0,656493.31
2025-07-24,2650,4,14,4.61,4.8,0,758025.78
2025-07-24,2662,5,43,21.37,6.2,0,745686.71
2025-07-25,3105,5,26,4.59,5.5,0,891493.81
2025-07-25,3087,5,6,12.48,7.1,0,838483.65
2025-07-25,3070,4,64,11.67,9.2,0,847689.39
2025-07-26,2152,3,72,13.24,8.5,0,622875.27
2025-07-26,3103,5,70,13.67,9.7,0,864777.17
2025-07-26,2607,3,72,6.14,8.6,1,757722.7
2025-07-27,1078,2,31,22.34,4.1,0,315102.02
2025-07-27,1160,2,76,15.3,7.2,0,329049.05
2025-07-27,1906,3,30,10.83,9.0,0,623813.06
2025-07-28,1456,2,16,18.68,8.9,0,477934.06
2025-07-28,1308,2,15,19.88,4.3,0,381416.85
2025-07-28,2148,3,19,5.2,5.5,0,646122.03
2025-08-01,1809,3,46,10.27,8.3,0,585351.03
2025-08-01,616,1,69,8.34,9.0,1,318123.49
2025-08-01,1825,3,35,17.55,5.8,0,537564.95
2025-08-02,2036,4,24,13.36,7.6,1,702525.89
2025-08-02,736,1,84,9.02,6.4,0,223139.18
2025-08-02,2724,4,14,18.07,4.2,1,788074.47
2025-08-03,965,1,77,16.19,8.0,0,332634.14
2025-08-03,586,1,55,22.46,4.2,0,175938.71
2025-08-03,1440,3,9,1.55,7.3,0,549955.32
2025-08-04,810,1,34,27.41,4.9,1,266912.52
2025-08-04,577,1,8,23.12,6.0,0,232282.78
2025-08-04,2876,5,31,18.26,7.3,0,831659.87
2025-08-05,739,1,28,7.23,9.5,0,352497.87
2025-08-05,2552,3,73,27.57,6.8,0,646166.08
2025-08-05,955,1,6,20.82,5.4,0,330018.05
2025-08-06,2208,4,31,4.51,6.7,0,662273.67
2025-08-06,2026,4,49,4.65,7.5,0,633836.81
2025-08-06,1606,3,7,11.66,4.8,0,512934.46
2025-08-07,1692,2,17,16.78,8.7,0,555004.34
2025-08-07,1483,2,55,25.85,5.7,0,405226.54
2025-08-07,1510,3,71,23.5,3.5,1,392788.74
2025-08-08,1483,2,52,17.6,8.5,0,451606.93
2025-08-08,2116,3,81,1.6,7.3,0,616379.38
2025-08-08,1416,3,11,8.39,8.0,0,531212.08
